code,registers,us_campaign,us_filed,ca_recall,ca_filed,eu_case,eu_published,eu_notifying_country,eu_reference
01A5,2,15V311,2015-05-26,2015209,2015-05-15,,,,
01D7,2,,,2019469,2019-09-25,A12/00222/20,21/02/2020,Germany,https://ec.europa.eu/safety-gate-alerts/screen/webReport/alertDetail/10000556
0416J,2,16V788,2016-10-28,2017079,2017-02-14,,,,
0516J,2,16V793,2016-10-31,2016568,2016-11-15,,,,
10G9,2,,,2021279,2021-05-13,A12/00938/21,25/06/2021,Germany,https://ec.europa.eu/safety-gate-alerts/screen/webReport/alertDetail/10003957
10H5,2,,,2022122,2022-03-16,A12/00584/22,15/04/2022,Germany,https://ec.europa.eu/safety-gate-alerts/screen/webReport/alertDetail/10005888
10X5,2,25V100,2025-02-17,2025079,2025-02-17,,,,
11041R,2,15V234,2015-04-20,2015167,2015-04-17,,,,
1114K,2,14V731,2014-11-13,2014517,2014-11-12,,,,
1115P,2,15V740,2015-11-09,2015531,2015-11-09,,,,
1115Q,2,15V889,2015-12-31,2015532,2015-11-09,,,,
115A,2,15V036,2015-01-27,2015032,2015-01-26,,,,
1213G,2,14V015,2014-01-27,2014022,2014-01-28,,,,
1213H,2,14V036,2014-02-05,2014061,2014-03-04,,,,
0161,2,14V536,2014-09-05,2014392,2014-09-10,,,,
0165,2,15V216,2015-04-13,2015172,2015-04-22,,,,
0167,2,15V474,2015-07-29,2015363,2015-08-11,,,,
0169,2,16V471,2016-06-27,2016420,2016-08-30,,,,
0175,2,,,2019593,2019-11-22,A12/00276/20,28/02/2020,Germany,https://ec.europa.eu/safety-gate-alerts/screen/webReport/alertDetail/10000670
0179,2,22V745,2022-10-06,2022578,2022-10-12,,,,
0181,3,23V591,2023-08-22,2023473,2023-08-24,A12/02542/23,20/10/2023,Germany,https://ec.europa.eu/safety-gate-alerts/screen/webReport/alertDetail/10010565
0182,3,23E063,2023-08-24,2023475,2023-08-24,A12/02569/23,27/10/2023,Germany,https://ec.europa.eu/safety-gate-alerts/screen/webReport/alertDetail/10010563
0184,3,23V672,2023-10-04,2023545,2023-10-10,A12/02725/23,17/11/2023,Germany,https://ec.europa.eu/safety-gate-alerts/screen/webReport/alertDetail/10010831
0185,3,23V836,2023-12-08,2023670,2023-12-11,A12/00843/24,05/04/2024,Germany,https://ec.europa.eu/safety-gate-alerts/screen/webReport/alertDetail/10012326
0186,3,24V672,2024-09-16,2024533,2024-09-16,A12/03120/24,15/11/2024,Germany,https://ec.europa.eu/safety-gate-alerts/screen/webReport/alertDetail/10091883
0187,3,24V753,2024-10-09,2024608,2024-10-15,A12/03492/24,06/12/2024,Germany,https://ec.europa.eu/safety-gate-alerts/screen/webReport/alertDetail/10092361
0188,3,25V375,2025-06-06,2025311,2025-06-10,SR/04360/25,19/12/2025,Germany,https://ec.europa.eu/safety-gate-alerts/screen/webReport/alertDetail/10097020
0189,3,25E041,2025-06-12,2025312,2025-06-10,SR/04369/25,19/12/2025,Germany,https://ec.europa.eu/safety-gate-alerts/screen/webReport/alertDetail/10097021
0190,2,25V590,2025-09-10,2025486,2025-09-15,,,,
0191,2,26V075,2026-02-09,2026064,2026-02-13,,,,
0192,2,,,2026191,2026-04-16,SR/02316/26,21/08/2026,Germany,https://ec.europa.eu/safety-gate-alerts/screen/webReport/alertDetail/10118612
0193,2,26V270,2026-04-28,2026216,2026-04-30,,,,
0618,2,14V725,2014-11-12,2014516,2014-11-12,,,,
0620,2,15V217,2015-04-13,2015151,2015-04-13,,,,
0628,2,24V719,2024-09-26,2024756,2024-10-02,,,,
0635,3,22V781,2022-10-18,2022614,2022-10-27,A12/00514/23,17/03/2023,Germany,https://ec.europa.eu/safety-gate-alerts/screen/webReport/alertDetail/10007252
0638,2,25E023,2025-04-08,2025187,2025-04-09,,,,
1003,3,24V601,2024-08-12,2024469,2024-08-13,A12/02738/24,04/10/2024,Germany,https://ec.europa.eu/safety-gate-alerts/screen/webReport/alertDetail/10045192
01320,2,15V666,2015-10-16,2015481,2015-10-16,,,,
11008,2,,,2011223,2011-06-09,A12/00469/20,27/03/2020,Germany,https://ec.europa.eu/safety-gate-alerts/screen/webReport/alertDetail/10000897
12162,2,15V245,2015-04-24,2013043,2013-02-06,,,,
12212,2,12V484,2012-10-04,2014310,2014-07-23,,,,
12238,2,24V230,2024-03-25,2024207,2024-04-02,,,,
12530,2,13V231,2013-06-04,2012391,2012-11-21,,,,
13026,2,13V613,2013-12-06,2013433,2013-12-06,,,,
13036,2,14V252,2014-05-14,2014173,2014-05-16,,,,
13139,2,13V225,2013-05-15,2013206,2013-06-12,,,,
13146,2,14V251,2014-05-14,2014174,2014-05-16,,,,
13420,2,13V615,2013-12-11,2013438,2013-12-13,,,,
13442,2,13E073,2013-12-20,2013456,2013-12-20,,,,
13C09,2,13V594,2013-11-25,2013425,2013-11-27,,,,
13KWM,2,13V612,2013-12-05,2013432,2013-12-05,,,,
13S13,2,14V002,2014-01-06,2014001,2014-01-02,,,,
13S14,2,14E001,2014-01-06,2014002,2014-01-08,,,,
14001,2,14V022,2014-01-28,2014210,2014-06-05,,,,
14007,2,14V223,2014-04-30,2014165,2014-05-07,,,,
14008,2,14V007,2014-01-13,2014005,2014-01-13,,,,
14013,2,14V513,2014-08-20,2014364,2014-08-22,,,,
14017,2,14V623,2014-10-06,2014019,2014-01-23,,,,
14019,2,14V630,2014-10-08,2014444,2014-10-09,,,,
14021,2,14V747,2014-11-24,2014532,2014-11-25,,,,
14023,2,14V812,2014-12-23,2014579,2014-12-18,,,,
14030,2,14V118,2014-03-17,2014081,2014-03-18,,,,
14062,2,14V116,2014-03-17,2014082,2014-03-18,,,,
14067,2,14V213,2014-04-25,2014153,2014-04-25,,,,
14079,2,14V151,2014-03-31,2014100,2014-03-31,,,,
14082,2,14V117,2014-03-17,2014083,2014-03-18,,,,
14087,2,14V144,2014-03-27,2014096,2014-03-27,,,,
14113,2,14V171,2014-04-10,2014126,2014-04-10,,,,
14121,2,14V152,2014-03-31,2014102,2014-03-31,,,,
14128,2,14V240,2014-05-08,2014168,2014-05-09,,,,
14132,2,14V212,2014-04-25,2014154,2014-04-25,,,,
14152,2,14V224,2014-04-30,2014160,2014-05-01,,,,
14157,2,14V253,2014-05-15,2014175,2014-05-20,,,,
14171,2,14V488,2014-08-08,2014343,2014-08-11,,,,
14179,2,14V338,2014-06-19,2014239,2014-06-19,,,,
14192,2,14V374,2014-06-27,2014254,2014-06-27,,,,
14201,2,14V247,2014-05-14,2014171,2014-05-14,,,,
14204,2,14V136,2014-03-21,2014084,2014-03-18,,,,
14205,2,14V146,2014-03-27,2014099,2014-03-31,,,,
14206,2,14V233,2014-05-05,2014169,2014-05-09,,,,
14211,2,14V298,2014-06-06,2014214,2014-06-06,,,,
14216,2,14V549,2014-09-10,2014434,2014-10-03,,,,
14217,2,14V652,2014-10-17,2014519,2014-11-13,,,,
14218,2,14V640,2014-10-10,2014456,2014-10-16,,,,
14219,2,14V299,2014-06-06,2014215,2014-06-06,,,,
14220,2,14V259,2014-05-16,2014180,2014-05-21,,,,
14222,2,14V318,2014-06-12,2014228,2014-06-12,,,,
14233,2,14V341,2014-06-19,2014244,2014-06-20,,,,
14234,2,14V315,2014-06-12,2014229,2014-06-12,,,,
14235,2,14V317,2014-06-12,2014230,2014-06-12,,,,
14240,2,14V342,2014-06-19,2014240,2014-06-19,,,,
14257,2,14V417,2014-07-02,2014274,2014-07-03,,,,
14260,2,14V407,2014-07-02,2014277,2014-07-03,,,,
14271,2,14V447,2014-07-23,2014311,2014-07-23,,,,
14291,2,15V519,2015-08-14,2014535,2014-11-26,,,,
14294,2,14V346,2014-06-20,2014243,2014-06-20,,,,
14299,2,14V355,2014-06-23,2014246,2014-06-23,,,,
14302,2,14V377,2014-06-26,2014253,2014-06-27,,,,
14305,2,14V372,2014-06-26,2014250,2014-06-26,,,,
14309,2,14V404,2014-07-02,2014279,2014-07-03,,,,
14315,2,14V301,2014-06-06,2014216,2014-06-06,,,,
14321,2,14V500,2014-08-13,2014352,2014-08-19,,,,
14330,2,14V450,2014-07-23,2014514,2014-11-12,,,,
14340,2,14V446,2014-07-23,2014315,2014-07-29,,,,
14350,2,14V400,2014-07-03,2014284,2014-07-03,,,,
14356,2,14V339,2014-06-19,2014241,2014-06-19,,,,
14378,2,14V409,2014-07-02,2014278,2014-07-03,,,,
14405,2,14V542,2014-09-09,2014381,2014-09-09,,,,
14445,2,14V540,2014-09-09,2014379,2014-09-09,,,,
14453,2,14V440,2014-07-21,2014304,2014-07-22,,,,
14456,2,14V593,2014-09-24,2014422,2014-09-30,,,,
14457,2,14V571,2014-09-19,2014406,2014-09-18,,,,
14471,2,14V541,2014-09-09,2014380,2014-09-09,,,,
14476,2,14V489,2014-08-08,2014341,2014-08-11,,,,
14505,2,14V460,2014-07-29,2014047,2014-02-20,,,,
14506,2,14V490,2014-08-08,2014342,2014-08-11,,,,
14508,2,14V201,2014-04-17,2014141,2014-04-22,,,,
14515,2,14V606,2014-09-29,2014432,2014-10-03,,,,
14516,2,14V688,2014-10-31,2014484,2014-10-30,,,,
14517,2,14V691,2014-11-03,2014489,2014-10-30,,,,
14518,2,14V692,2014-11-03,2014488,2014-10-30,,,,
14525,2,14V807,2014-12-22,2014574,2014-12-17,,,,
14537,2,14V543,2014-09-09,2014382,2014-09-09,,,,
14549,2,14V544,2014-09-09,2014373,2014-09-04,,,,
14574,2,15V201,2015-04-06,2015145,2015-04-02,,,,
14594,2,14V570,2014-09-19,2014407,2014-09-18,,,,
14617,2,15V145,2015-03-13,2015104,2015-03-12,,,,
14620,2,14V568,2014-09-17,2014405,2014-09-18,,,,
14686,2,14V624,2014-10-06,2014437,2014-10-07,,,,
14690,2,14V645,2014-10-09,2014451,2014-10-15,,,,
14743,2,14V719,2014-11-10,2014509,2014-11-07,,,,
14772,2,15V064,2015-02-04,2015048,2015-02-04,,,,
14855,2,14V820,2014-12-24,2014588,2014-12-22,,,,
14857,2,15V031,2015-01-26,2015023,2015-01-22,,,,
14863,2,14V804,2014-12-19,2014572,2014-12-17,,,,
14888,2,15V278,2015-05-12,2015192,2015-05-11,,,,
14892,2,14V819,2014-12-24,2014589,2014-12-22,,,,
15012,2,15V448,2015-07-15,2015310,2015-07-14,,,,
15025,2,15T002,2015-01-23,2015033,2015-01-27,,,,
15031,2,15V269,2015-05-08,2015187,2015-05-07,,,,
15037,2,15V157,2015-03-18,2015121,2015-03-18,,,,
15042,2,15V421,2015-07-01,2015286,2015-06-26,,,,
15075,2,15V500,2015-08-10,2015354,2015-08-05,,,,
15100,2,15V085,2015-02-11,2015059,2015-02-10,,,,
15135,2,15V113,2015-02-27,2015080,2015-02-23,,,,
15149,2,15V225,2015-04-15,2015157,2015-04-14,,,,
15150,2,15V267,2015-05-08,2015185,2015-05-06,,,,
15166,2,15V162,2015-03-20,2015117,2015-03-18,,,,
15168,2,15V146,2015-03-13,2015107,2015-03-12,,,,
15176,2,15V164,2015-03-23,2015118,2015-03-18,,,,
15206,2,15V399,2015-06-23,2015274,2015-06-18,,,,
15224,2,15V102,2015-02-23,2015139,2015-03-31,,,,
15225,2,15V317,2015-05-27,2015275,2015-06-18,,,,
15230,2,15V207,2015-04-07,2015255,2015-06-09,,,,
15232,2,15V409,2015-06-29,2015287,2015-06-26,,,,
15233,2,15V499,2015-08-10,2015353,2015-08-05,,,,
15238,2,15V610,2015-09-30,2015435,2015-09-29,,,,
15240,2,15V415,2015-06-30,2015280,2015-06-25,,,,
15242,2,15V762,2015-11-17,2015567,2015-11-25,,,,
15299,2,15V558,2015-09-03,2015390,2015-09-03,,,,
15352,2,15V358,2015-06-09,2015245,2015-06-03,,,,
15386,2,15V442,2015-07-10,2015303,2015-07-06,,,,
15400,2,15V465,2015-07-24,2015325,2015-07-22,,,,
15501,2,15V084,2015-02-11,2015066,2015-02-12,,,,
15504,2,15V165,2015-03-23,2015120,2015-03-18,,,,
15509,2,15V241,2015-04-22,2015171,2015-04-22,,,,
15510,2,15V242,2015-04-22,2015170,2015-04-22,,,,
15511,2,15V329,2015-05-29,2015214,2015-05-20,,,,
15514,2,15V394,2015-06-22,2015270,2015-06-17,,,,
15517,2,15V776,2015-11-20,2015546,2015-11-18,,,,
15568,2,15V463,2015-07-24,2015322,2015-07-21,,,,
15573,2,15V640,2015-10-09,2015458,2015-10-08,,,,
15595,2,16V054,2016-02-01,2016043,2016-01-28,,,,
15700,2,15V599,2015-09-24,2015422,2015-09-24,,,,
15757,2,15V701,2015-10-26,2015501,2015-10-23,,,,
15777,2,15V876,2015-12-23,2015616,2015-12-23,,,,
15780,2,15V609,2015-09-29,2015449,2015-10-05,,,,
15794,2,15V830,2015-12-10,2015590,2015-12-09,,,,
15808,2,16V084,2016-02-11,2016068,2016-02-11,,,,
15822,2,16V209,2016-04-12,2016153,2016-04-11,,,,
051584,2,24V429,2024-06-12,2024331,2024-06-10,,,,
051756,2,24V253,2024-04-05,2024213,2024-04-05,,,,
101539,2,22V558,2022-08-01,2022415,2022-08-01,,,,
0000112900,2,,,2024705,2024-11-19,SR/00452/25,31/01/2025,Germany,https://ec.europa.eu/safety-gate-alerts/screen/webReport/alertDetail/10092899
0792034,2,,,2021755,2021-12-13,A12/00968/22,08/07/2022,Bulgaria,https://ec.europa.eu/safety-gate-alerts/screen/webReport/alertDetail/10006319
0993103,2,,,2020282,2020-06-22,A12/01336/20,09/10/2020,Germany,https://ec.europa.eu/safety-gate-alerts/screen/webReport/alertDetail/10002106
1031854,2,24V775,2024-10-18,2024612,2024-10-18,,,,
1031999,2,25V728,2025-10-24,2025582,2025-10-24,,,,
1101561,2,22V813,2022-10-31,2022622,2022-10-31,,,,
1201540,2,22V559,2022-08-01,2022416,2022-08-01,,,,
1201729,2,24V045,2024-01-26,2024041,2024-01-26,,,,
1211777,2,24V339,2024-05-15,2024273,2024-05-15,,,,
1211844,2,24V721,2024-09-27,2024564,2024-09-27,,,,
1211874,2,24V912,2024-12-06,2024741,2024-12-06,,,,
13E050,2,15V481,2015-07-30,2013318,2013-09-20,,,,
141107ARG,2,14V734,2014-11-17,2014520,2014-11-17,,,,
141117ARG,2,14V756,2014-11-26,2014541,2014-12-03,,,,
14C03,2,14V164,2014-04-02,2014109,2014-04-02,,,,
14C07,2,14V484,2014-08-06,2014332,2014-08-06,,,,
14C08,2,14V649,2014-10-17,2014460,2014-10-17,,,,
14C09,2,14V709,2014-11-05,2014503,2014-11-05,,,,
14C10,2,14V710,2014-11-07,2014504,2014-11-05,,,,
14C11,2,14V736,2014-11-18,2014523,2014-11-18,,,,
14E041,2,14V617,2014-10-03,2014530,2014-11-21,,,,
14E051,2,14V751,2014-11-24,2014411,2014-09-18,,,,
14S02,2,14V165,2014-04-02,2014110,2014-04-02,,,,
14S03,2,14V239,2014-05-07,2014163,2014-05-07,,,,
14S04,2,14V237,2014-05-07,2014164,2014-05-07,,,,
14S05,2,14V284,2014-05-29,2014193,2014-05-28,,,,
14S06,2,14V286,2014-05-29,2014194,2014-05-28,,,,
14S07,2,14E028,2014-05-29,2014195,2014-05-28,,,,
14S08,2,14V285,2014-05-29,2014196,2014-05-28,,,,
14S09,2,14V316,2014-06-12,2014233,2014-06-17,,,,
14S10,2,14V393,2014-07-02,2014280,2014-07-03,,,,
14S11,2,14V401,2014-07-02,2014281,2014-07-03,,,,
14S12,2,14V402,2014-07-02,2014282,2014-07-03,,,,
14S13,2,14V403,2014-07-02,2014283,2014-07-03,,,,
14S14,2,14V405,2014-07-02,2014467,2014-10-22,,,,
14S15,2,14V482,2014-08-06,2014334,2014-08-06,,,,
14S16,2,14V483,2014-08-06,2014333,2014-08-06,,,,
14S17,2,14V495,2014-08-11,2014349,2014-08-12,,,,
14S18,2,14V514,2014-08-22,2014363,2014-08-22,,,,
14S19,2,14V526,2014-09-03,2014374,2014-09-04,,,,
14S20,2,14V525,2014-09-02,2014375,2014-09-04,,,,
14S21,2,14V597,2014-09-26,2014427,2014-09-30,,,,
14S22,2,14V682,2014-10-29,2014482,2014-10-29,,,,
14S23,2,14V708,2014-11-05,2014500,2014-11-05,,,,
14S24,2,14V703,2014-11-05,2014501,2014-11-05,,,,
14S25,2,14V704,2014-11-05,2014502,2014-11-05,,,,
14S27,2,14V774,2014-12-05,2014552,2014-12-03,,,,
14S28,2,14V787,2014-12-12,2015054,2015-02-05,,,,
14S29,2,15V006,2015-01-09,2015007,2015-01-09,,,,
14S30,2,15V005,2015-01-09,2015008,2015-01-09,,,,
14V01,2,14V524,2014-09-02,2014376,2014-09-04,,,,
150422ARG,2,15V257,2015-05-01,2015213,2015-05-19,,,,
150708ARG,2,15V454,2015-07-21,2015324,2015-07-21,,,,
151216REV,2,15V872,2015-12-23,2016019,2016-01-14,,,,
1595002,2,,,2023542,2023-10-06,A12/02619/23,03/11/2023,Germany,https://ec.europa.eu/safety-gate-alerts/screen/webReport/alertDetail/10010601
15950031595004,2,,,2024342,2024-06-14,A12/01979/24,02/08/2024,Germany,https://ec.europa.eu/safety-gate-alerts/screen/webReport/alertDetail/10013906
15C03,2,15V406,2015-06-24,2015278,2015-06-23,,,,
15C06,2,15V436,2015-07-08,2015298,2015-07-02,,,,
15C07,2,15V464,2015-07-24,2015321,2015-07-21,,,,
15C09,2,15V533,2015-08-20,2015377,2015-08-18,,,,
15C11,2,15V618,2015-10-01,2015441,2015-09-30,,,,
15C13,2,15V707,2015-10-26,2015508,2015-10-27,,,,
15C17,2,15V867,2015-12-22,2015607,2015-12-21,,,,
15E068,2,15V757,2015-11-16,2015611,2015-12-22,,,,
15F7,2,16V403,2016-06-06,2016275,2016-06-02,,,,
15KWF,2,15V271,2015-05-08,2015190,2015-05-08,,,,
15KWG,2,15V272,2015-05-11,2015188,2015-05-08,,,,
15KWK,2,15V457,2015-07-22,2015318,2015-07-20,,,,
15KWL,2,15V458,2015-07-22,2015316,2015-07-20,,,,
15S02,2,15V040,2015-01-28,2015035,2015-01-28,,,,
15S08,2,15E014,2015-03-03,2015081,2015-02-24,,,,
15S09,2,15V175,2015-03-25,2015125,2015-03-24,,,,
15S10,2,15V172,2015-03-24,2015126,2015-03-24,,,,
15S11,2,15V171,2015-03-24,2015127,2015-03-24,,,,
15S14,2,15V250,2015-04-28,2015177,2015-04-28,,,,
15S16,2,15V246,2015-04-24,2015175,2015-04-24,,,,
15S17,2,15V279,2015-05-12,2015196,2015-05-12,,,,
15S18,2,15V340,2015-06-02,2015224,2015-05-27,,,,
15S19,2,15V339,2015-06-02,2015223,2015-05-27,,,,
15S21,2,15V319,2015-05-28,2015232,2015-05-28,,,,
15S22,2,15V322,2015-05-28,2015231,2015-05-28,,,,
15S26,2,15V605,2015-09-28,2015436,2015-09-29,,,,
15S27,2,15V608,2015-09-29,2015437,2015-09-29,,,,
15S28,2,15V606,2015-09-29,2015438,2015-09-29,,,,
15S29,2,15V614,2015-09-30,2015440,2015-09-30,,,,
15S31,2,15V712,2015-10-27,2015509,2015-10-27,,,,
15S32,2,15V710,2015-10-27,2015510,2015-10-27,,,,
15S34,2,15V793,2015-11-24,2015554,2015-11-23,,,,
15S37,2,15V865,2015-12-22,2015608,2015-12-21,,,,
15S38,2,15V858,2015-12-22,2015609,2015-12-21,,,,
15S39,2,15V861,2015-12-22,2015610,2015-12-21,,,,
15ZK,3,25V294,2025-05-07,2025244,2025-05-07,SR/03987/25,14/11/2025,Germany,https://ec.europa.eu/safety-gate-alerts/screen/webReport/alertDetail/10096576
16007,2,16V651,2016-09-08,2016439,2016-09-09,,,,
16096,2,16V802,2016-11-04,2016542,2016-11-03,,,,
161018REV,2,16V784,2016-10-27,2016577,2016-11-17,,,,
16145,2,16V868,2016-12-02,2016597,2016-11-29,,,,
16169,2,16V922,2016-12-21,2016637,2016-12-16,,,,
16247,2,16V089,2016-02-17,2016070,2016-02-16,,,,
16251,2,16V282,2016-05-10,2016208,2016-05-11,,,,
16252,2,16V291,2016-05-11,2016212,2016-05-12,,,,
16253,2,16V322,2016-05-19,2016243,2016-05-20,,,,
16254,2,16V409,2016-06-08,2016272,2016-06-01,,,,
16255,2,16V402,2016-06-03,2016271,2016-06-01,,,,
16261,2,16V600,2016-08-15,2016405,2016-08-17,,,,
16262,2,16V609,2016-08-22,2016406,2016-08-19,,,,
16267,2,16V825,2016-11-15,2016558,2016-11-09,,,,
16269,2,16V822,2016-11-14,2016551,2016-11-08,,,,
16274,2,16V908,2016-12-16,2016626,2016-12-14,,,,
16370,2,15V807,2015-12-01,2015575,2015-11-30,,,,
16501,2,16V030,2016-01-22,2016027,2016-01-21,,,,
16502,2,16V091,2016-02-18,2016073,2016-02-17,,,,
16503,2,16V090,2016-02-17,2016074,2016-02-17,,,,
16504,2,16V141,2016-03-08,2016110,2016-03-04,,,,
16505,2,16V454,2016-06-22,1985053,1985-05-02,,,,
16508,2,16V556,2016-07-26,2016373,2016-07-26,,,,
16510,2,16V837,2016-11-18,2016569,2016-11-16,,,,
16513,2,16V938,2016-12-28,2016648,2016-12-21,,,,
16C06,2,16V247,2016-04-26,2016186,2016-04-26,,,,
16C10,2,16V482,2016-06-29,2016330,2016-06-28,,,,
16C11,2,16V475,2016-06-28,2016329,2016-06-28,,,,
16C12,2,16V617,2016-08-24,2016410,2016-08-23,,,,
16C13,2,16V698,2016-09-28,2016475,2016-09-27,,,,
16C14,2,16V733,2016-10-12,2016493,2016-10-11,,,,
16C15,2,16V731,2016-10-12,2016499,2016-10-12,,,,
16KWA,2,16V362,2016-05-26,2016245,2016-05-24,,,,
16S01,2,16V046,2016-01-28,2016036,2016-01-26,,,,
16S03,2,16V036,2016-01-25,2016033,2016-01-25,,,,
16S05,2,16V110,2016-02-25,2016089,2016-02-22,,,,
16S06,2,16V111,2016-02-25,2016090,2016-02-22,,,,
16S13,2,16V188,2016-04-04,2016137,2016-03-31,,,,
16S14,2,16V183,2016-03-31,2016138,2016-03-31,,,,
16S15,2,16V182,2016-03-31,2016139,2016-03-31,,,,
16S17,2,16V246,2016-04-26,2016185,2016-04-26,,,,
16S18,2,16V245,2016-04-26,2016182,2016-04-26,,,,
16S19,2,16V248,2016-04-27,2016183,2016-04-26,,,,
16S24,2,16V345,2016-05-24,2016252,2016-05-24,,,,
16S28,2,16V479,2016-06-28,2016328,2016-06-28,,,,
16S31,2,16V621,2016-08-25,2016411,2016-08-23,,,,
16S32,2,16V618,2016-08-24,2016412,2016-08-23,,,,
16S35,2,16V695,2016-09-27,2016474,2016-09-27,,,,
16S39,2,16V778,2016-10-26,2016526,2016-10-25,,,,
16S40,2,16V779,2016-10-26,2016527,2016-10-25,,,,
16S41,2,16V777,2016-10-26,2016528,2016-10-25,,,,
16S42,2,16V875,2016-12-05,2016601,2016-12-01,,,,
16S43,2,16V874,2016-12-05,2016602,2016-12-01,,,,
16S45,2,16V945,2016-12-29,2016640,2016-12-19,,,,
16S46,2,16V925,2016-12-22,2016639,2016-12-19,,,,
17130,2,16V257,2016-04-28,2016191,2016-04-28,,,,
17275,2,16V954,2016-12-28,2016660,2016-12-29,,,,
17C01,2,17V053,2017-01-24,2017040,2017-01-25,,,,
17S09,2,,,2017184,2017-03-29,A12/01371/21,01/10/2021,Poland,https://ec.europa.eu/safety-gate-alerts/screen/webReport/alertDetail/10004466
17S35,2,17V669,2017-10-23,2017517,2017-10-24,,,,
17S42,2,,,2017633,2017-12-15,A12/00362/21,19/03/2021,Germany,https://ec.europa.eu/safety-gate-alerts/screen/webReport/alertDetail/10003352
18S07,2,18V169,2018-03-12,2018129,2018-03-14,,,,
18S29,2,18V707,2018-10-09,2018555,2018-10-09,,,,
18S32,2,18V735,2018-10-22,2018577,2018-10-23,,,,
19C03,2,19V076,2019-02-11,2019064,2019-02-12,,,,
19Q8,2,22V707,2022-09-21,2022533,2022-09-21,,,,
19S01,3,16V384,2016-05-31,2019005,2019-01-08,A12/01239/20,18/09/2020,United Kingdom,https://ec.europa.eu/safety-gate-alerts/screen/webReport/alertDetail/10001873
19S02,2,19V031,2019-01-14,2019017,2019-01-14,,,,
19S40,2,,,2019568,2019-11-12,A12/00210/20,14/02/2020,Germany,https://ec.europa.eu/safety-gate-alerts/screen/webReport/alertDetail/10000587
1892005,2,,,2020121,2020-03-22,A12/00923/20,26/06/2020,Germany,https://ec.europa.eu/safety-gate-alerts/screen/webReport/alertDetail/10001493
2301,2,23V062,2023-02-09,,,A12/01450/23,30/06/2023,Germany,https://ec.europa.eu/safety-gate-alerts/screen/webReport/alertDetail/10009490
20236,2,23V175,2023-03-17,,,A12/02680/23,10/11/2023,Belgium,https://ec.europa.eu/safety-gate-alerts/screen/webReport/alertDetail/10010683
20261,2,26V098,,,,SR/01231/26,24/04/2026,Belgium,https://ec.europa.eu/safety-gate-alerts/screen/webReport/alertDetail/10098644
20760,2,16V069,2016-02-05,2016053,2016-02-04,,,,
21510,2,16V108,2016-02-24,2016086,2016-02-22,,,,
21930,2,15V833,2015-12-11,2015591,2015-12-09,,,,
22001,2,22V751,2022-09-30,2022736,2022-05-03,,,,
22003,2,22V539,2022-07-26,2022414,2022-07-29,,,,
22427,2,22V195,2022-03-28,2022156,2022-03-31,,,,
22428,2,22V208,2022-03-31,2022162,2022-03-31,,,,
22430,2,22V209,2022-03-31,2022161,2022-03-31,,,,
22431,2,22V242,2022-04-13,2022205,2022-04-22,,,,
22433,2,22V383,2022-05-27,2022296,2022-06-08,,,,
22434,2,22V604,2022-08-09,2022447,2022-08-09,,,,
22435,2,22V668,2022-09-06,2022497,2022-09-02,,,,
22436,2,22V728,2022-09-30,2022560,2022-10-05,,,,
22437,2,22V726,2022-09-29,2022575,2022-10-04,,,,
22511,2,22V367,2022-05-23,2022267,2022-05-23,,,,
22513,2,22V428,2022-06-16,2022317,2022-06-16,,,,
22514,2,22V429,2022-06-16,2022318,2022-06-16,,,,
22516,2,22V546,2022-07-28,2022407,2022-07-28,,,,
22518,2,22V691,2022-09-15,2022518,2022-09-15,,,,
22520,2,22V711,2022-09-22,2022535,2022-09-22,,,,
22521,2,22V834,2022-11-10,2019401,2019-08-13,,,,
22522,2,22V849,2022-11-17,2022656,2022-11-18,,,,
22523,2,22V850,2022-11-17,2019670,2019-12-23,,,,
22524,2,22V869,2022-11-23,2022665,2022-11-23,,,,
22525,2,22V870,2022-11-23,2020050,2020-02-10,,,,
22527,2,22V909,2022-12-08,2020237,2020-05-29,,,,
23007,2,23V156,2023-03-23,2023126,2023-03-09,,,,
23020,2,23V808,2023-12-01,2024785,2024-12-31,,,,
202101,2,,,2021293,2021-05-19,A12/00471/22,25/03/2022,Germany,https://ec.europa.eu/safety-gate-alerts/screen/webReport/alertDetail/10005805
202102,2,,,2021430,2021-07-12,A12/00607/21,07/05/2021,France,https://ec.europa.eu/safety-gate-alerts/screen/webReport/alertDetail/10003616
202205,2,22V653,2022-08-29,2022488,2022-08-30,,,,
202216,3,22V503,2022-07-13,2022375,2022-07-13,A12/01131/22,05/08/2022,Belgium,https://ec.europa.eu/safety-gate-alerts/screen/webReport/alertDetail/10006499
202301,2,23V408,2023-06-06,2022605,2022-10-21,,,,
202401,2,24V919,2024-12-10,2024212,2024-04-04,,,,
202501,2,25V051,2025-01-31,,,SR/02908/25,08/08/2025,Germany,https://ec.europa.eu/safety-gate-alerts/screen/webReport/alertDetail/10095523
221580,2,22V920,2022-12-13,2022706,2022-12-13,,,,
221789,2,24V388,2024-06-03,2024306,2024-05-31,,,,
2023001,2,23V207,2023-04-07,2023059,2023-02-13,,,,
2024001,2,,,2024511,2024-09-11,A12/03136/24,15/11/2024,Germany,https://ec.europa.eu/safety-gate-alerts/screen/webReport/alertDetail/10091982
2024002,2,,,2024728,2024-12-02,SR/01785/25,16/05/2025,Germany,https://ec.europa.eu/safety-gate-alerts/screen/webReport/alertDetail/10094269
2025001,2,25V750,2025-10-31,2025603,2025-10-31,,,,
2031757,2,24V254,2024-04-05,2024214,2024-04-05,,,,
2031766,2,24V280,2024-04-19,2024232,2024-04-19,,,,
2031917,2,25V230,2025-04-10,2025189,2025-04-10,,,,
2051735,2,24V094,2024-02-09,2024079,2024-02-09,,,,
2051987,2,25V682,2025-10-10,2025545,2025-10-10,,,,
2101556,2,22V694,2022-09-16,2022526,2022-09-16,,,,
2102013,2,26V013,2026-01-16,2026010,2026-01-16,,,,
2102041,2,26V154,2026-03-17,2026120,2026-03-17,,,,
2151730,2,24V047,2024-01-26,2024044,2024-01-26,,,,
2151800,2,24V489,2024-06-28,2024372,2024-06-28,,,,
2201535,2,22V489,2022-07-08,2022369,2022-07-08,,,,
2241912,2,25V212,2025-04-04,2025174,2025-04-04,,,,
2251601,2,23V061,2023-02-09,2023025,2023-02-09,,,,
2251723,2,24V040,2024-01-25,2024035,2024-01-25,,,,
20BX,2,,,2020053,2020-02-12,A12/00690/20,08/05/2020,Germany,https://ec.europa.eu/safety-gate-alerts/screen/webReport/alertDetail/10001181
20C03,2,20V097,2020-02-21,2020071,2020-02-21,,,,
20C19,2,24V188,2024-03-08,2020454,2020-09-24,,,,
20DR,2,22V516,2022-07-20,2022384,2022-07-20,,,,
20DS,2,22V673,2022-09-08,2022503,2022-09-08,,,,
20DV,2,23V214,2023-03-29,2023185,2023-03-29,,,,
20S15,2,23V775,2023-11-17,2020131,2020-03-26,,,,
20S20,2,20V262,2020-05-08,2020202,2020-05-11,,,,
20S21,2,20V263,2020-05-08,2020203,2020-05-11,,,,
20S22,2,,,2020204,2020-05-11,A12/00834/20,05/06/2020,United Kingdom,https://ec.europa.eu/safety-gate-alerts/screen/webReport/alertDetail/10001303
20S52,2,,,2020450,2020-09-24,A12/00195/21,19/02/2021,Germany,https://ec.europa.eu/safety-gate-alerts/screen/webReport/alertDetail/10003124
20S73,2,20V795,2020-12-17,2020633,2020-12-21,,,,
20W9,2,16V660,2016-09-13,2016443,2016-09-09,,,,
215C,2,15V108,2015-02-24,2015078,2015-02-20,,,,
215D,2,15V132,2015-03-06,2015095,2015-03-05,,,,
21C22,2,,,2021560,2021-09-15,A12/00463/22,25/03/2022,Germany,https://ec.europa.eu/safety-gate-alerts/screen/webReport/alertDetail/10005726
21C31,2,25V693,2025-10-10,2021727,2021-11-26,,,,
21H7,2,22V178,2022-03-23,2022133,2022-03-23,,,,
21S24,2,,,2021309,2021-05-24,A12/00027/22,07/01/2022,Germany,https://ec.europa.eu/safety-gate-alerts/screen/webReport/alertDetail/10005036
21S32,3,21V537,2021-07-15,2021438,2021-07-16,A12/00555/22,08/04/2022,Germany,https://ec.europa.eu/safety-gate-alerts/screen/webReport/alertDetail/10005690
21S42,2,,,2021561,2021-09-15,A12/00414/22,18/03/2022,Germany,https://ec.europa.eu/safety-gate-alerts/screen/webReport/alertDetail/10005648
221104REV,2,22V832,2022-11-09,2022663,2022-11-22,,,,
22C09,2,22V384,2022-05-27,2022280,2022-05-30,,,,
22C11,2,22V415,2022-06-10,2022307,2022-06-10,,,,
22C12,2,22V451,2022-06-24,2022335,2022-06-24,,,,
22C13,2,22V454,2022-06-24,2022336,2022-06-24,,,,
22C14,2,22V455,2022-06-24,2022337,2022-06-27,,,,
22C20,2,22V594,2022-08-08,2022442,2022-08-08,,,,
22C22,2,22V686,2022-09-14,2022520,2022-09-16,,,,
22C23,2,22V684,2022-09-14,2022521,2022-09-16,,,,
22C24,2,22V730,2022-09-30,2022562,2022-10-05,,,,
22C27,2,22V825,2022-11-03,2022636,2022-11-04,,,,
22C35,2,22V953,2022-12-23,2022743,2022-12-27,,,,
22E021,2,22V948,2022-12-22,2022270,2022-05-24,,,,
22KWF,2,22V582,2022-08-04,2022430,2022-08-04,,,,
22PBF,2,22V940,2022-12-16,2022729,2022-12-19,,,,
22PBL,2,22V939,2022-12-16,2022725,2022-12-16,,,,
22S07,2,,,2022075,2022-02-17,A12/00937/23,28/04/2023,France,https://ec.europa.eu/safety-gate-alerts/screen/webReport/alertDetail/10008754
22S15,2,22V188,2022-03-25,2022144,2022-03-28,,,,
22S17,2,22V193,2022-03-25,2022146,2022-03-29,,,,
22S18,2,22V183,2022-03-25,2022147,2022-03-29,,,,
22S20,2,22V192,2022-03-25,2022151,2022-03-29,,,,
22S21,3,22V191,2022-03-25,2022152,2022-03-29,A12/00942/23,28/04/2023,France,https://ec.europa.eu/safety-gate-alerts/screen/webReport/alertDetail/10008652
22S22,2,22V256,2022-04-14,2022193,2022-04-14,,,,
22S23,2,22V247,2022-04-14,2022194,2022-04-14,,,,
22S24,2,22V253,2022-04-14,2022195,2022-04-14,,,,
22S25,2,22V254,2022-04-14,2022196,2022-04-14,,,,
22S26,2,22V250,2022-04-14,2022197,2022-04-14,,,,
22S27,2,22V255,2022-04-14,2022198,2022-04-14,,,,
22S33,2,22V331,2022-05-13,2022253,2022-05-16,,,,
22S35,2,22V337,2022-05-13,2022255,2022-05-16,,,,
22S36,2,22V346,2022-05-17,,,A12/00566/23,24/03/2023,Germany,https://ec.europa.eu/safety-gate-alerts/screen/webReport/alertDetail/10007707
22S37,2,22V382,2022-05-27,2022278,2022-05-30,,,,
22S41,2,22V412,2022-06-10,2022308,2022-06-10,,,,
22S43,2,22V413,2022-06-10,2022311,2022-06-13,,,,
22S44,2,22V411,2022-06-10,2022309,2022-06-10,,,,
22S47,3,22V484,2022-07-07,2022366,2022-07-07,A12/00142/24,26/01/2024,Germany,https://ec.europa.eu/safety-gate-alerts/screen/webReport/alertDetail/10011626
22S51,2,22V644,2022-08-26,2022485,2022-08-29,,,,
22S53,2,22V623,2022-08-12,2022461,2022-08-12,,,,
22S54,2,22V621,2022-08-12,2022462,2022-08-12,,,,
22S55,2,22V646,2022-08-26,2022484,2022-08-29,,,,
22S56,2,22V648,2022-08-26,2022486,2022-08-30,,,,
22S59,2,22V675,2022-09-08,2022507,2022-09-08,,,,
22S60,2,22V685,2022-09-14,2022522,2022-09-16,,,,
22S62,2,22V731,2022-09-30,2022632,2022-11-03,,,,
22S65,2,22V791,2022-10-20,2022596,2022-10-20,,,,
22S71,2,22V842,2022-11-15,2022650,2022-11-15,,,,
22S73,2,22V859,2022-11-18,2022658,2022-11-19,,,,
22S74,2,22V880,2022-11-29,2022679,2022-11-29,,,,
22S76,2,22V925,2022-12-14,2022720,2022-12-15,,,,
22S77,2,22V928,2022-12-14,2022721,2022-12-15,,,,
230224REV,2,23V166,2023-03-14,2023156,2023-03-21,,,,
230516REV,2,23V351,2023-05-18,2023296,2023-05-22,,,,
23439,2,23V082,2023-02-15,2023067,2023-02-15,,,,
23440,2,23V169,2023-03-16,2023138,2023-03-16,,,,
23444,2,23V376,2023-05-26,2023306,2023-05-26,,,,
23447,2,23V822,2023-12-07,2023647,2023-12-07,,,,
23501,2,23V065,2023-02-10,2023048,2023-02-09,,,,
23502,2,23V066,2023-02-10,2023049,2023-02-09,,,,
23503,2,23V119,2023-02-23,2023091,2023-02-23,,,,
23504,2,23V120,2023-02-23,2023092,2023-02-23,,,,
23507,2,23V170,2023-03-16,2023139,2023-03-16,,,,
23508,2,23V171,2023-03-16,2023140,2023-03-16,,,,
23509,2,23V220,2023-03-30,2023188,2023-03-30,,,,
23510,2,23V248,2023-04-06,2023212,2023-04-06,,,,
23511,2,23V282,2023-04-20,2023238,2023-04-20,,,,
23514,2,23V353,2023-05-18,2023293,2023-05-18,,,,
23515,2,23V370,2023-05-25,2023303,2023-05-26,,,,
23516,2,23V371,2023-05-25,2023304,2023-05-25,,,,
23517,2,23V397,2023-06-02,2023321,2023-06-02,,,,
23518,2,23V398,2023-06-02,2023322,2023-06-02,,,,
23520,2,23V587,2023-08-17,2023466,2023-08-17,,,,
231205REV,2,23V833,2023-12-08,2023658,2023-12-12,,,,
23C01,2,23V072,2023-02-10,2023054,2023-02-13,,,,
23C02,2,23V122,2023-02-24,2023098,2023-02-24,,,,
23C04,2,23V160,2023-03-10,2023128,2023-03-13,,,,
23C05,2,23V165,2023-03-10,2023129,2023-03-13,,,,
23C14,2,23V305,2023-04-28,2023259,2023-04-28,,,,
23C16,2,23V358,2023-05-18,2023294,2023-05-19,,,,
23C18,2,23V379,2023-05-26,2023308,2023-05-29,,,,
23C20,2,23V420,2023-06-09,2023341,2023-06-09,,,,
23C24,2,23V510,2023-07-21,2023489,2023-09-01,,,,
23C25,2,23V506,2023-07-21,2023409,2023-07-24,,,,
23C26,2,23V596,2023-08-25,2023509,2023-09-13,,,,
23C31,2,23V686,2023-10-13,2023557,2023-10-16,,,,
23C32,2,23V688,2023-10-13,2023555,2023-10-17,,,,
23C35,2,23V727,2023-10-27,2023587,2023-10-31,,,,
23C36,2,23V802,2023-11-28,2023638,2023-11-29,,,,
23C38,2,23V801,2023-11-28,2023639,2023-11-29,,,,
23C41,2,23V848,2023-12-15,2023671,2023-12-15,,,,
23HD,2,25V637,,,,SR/04433/25,19/12/2025,Germany,https://ec.europa.eu/safety-gate-alerts/screen/webReport/alertDetail/10097087
23KWK,2,23V717,2023-10-26,2023573,2023-10-26,,,,
23PBD,2,23V423,2023-06-13,2023343,2023-06-13,,,,
23PBH,2,23V653,2023-09-27,2023530,2023-09-27,,,,
23R1,2,15V705,2015-10-26,2015504,2015-10-23,,,,
23S02,2,23V022,2023-01-23,2023018,2023-01-24,,,,
23S04,2,23V071,2023-02-10,2023055,2023-02-13,,,,
23S05,2,23V069,2023-02-10,2023056,2023-02-13,,,,
23S06,2,23V070,2023-02-10,2023057,2023-02-13,,,,
23S08,2,23V306,2023-04-28,2024100,2024-02-11,,,,
23S10,2,23V163,2023-03-10,2023133,2023-03-13,,,,
23S12,2,23V162,2023-03-10,2023132,2023-03-14,,,,
23S16,2,23V199,2023-03-24,2023172,2023-03-27,,,,
23S17,2,23V283,2023-04-20,2023243,2023-04-21,,,,
23S23,2,23V342,2023-05-12,2023288,2023-05-15,,,,
23S27,3,23V380,2023-05-26,2023309,2023-05-29,A12/00784/24,29/03/2024,Germany,https://ec.europa.eu/safety-gate-alerts/screen/webReport/alertDetail/10012259
23S28,2,23V378,2023-05-26,2023310,2023-05-29,,,,
23S30,2,23V418,2023-06-09,2023340,2023-06-09,,,,
23S32,2,23V439,2023-06-23,2023354,2023-06-23,,,,
23S33,2,23V440,2023-06-23,2023355,2023-06-23,,,,
23S35,3,23V509,2023-07-21,2023405,2023-07-25,A12/02641/23,03/11/2023,Germany,https://ec.europa.eu/safety-gate-alerts/screen/webReport/alertDetail/10010668
23S37,2,23V507,2023-07-21,2023406,2023-07-24,,,,
23S46,2,23V573,2023-08-11,2023450,2023-08-11,,,,
23S48,2,25V273,2025-05-14,2023477,2023-08-28,,,,
23S49,2,23V595,2023-08-25,2023478,2023-08-29,,,,
23S53,3,23V626,2023-09-08,2023507,2023-09-12,A12/02543/23,20/10/2023,Germany,https://ec.europa.eu/safety-gate-alerts/screen/webReport/alertDetail/10010534
23S54,2,23V625,2023-09-08,2023508,2023-09-12,,,,
23S55,2,23V675,2023-10-06,2023543,2023-10-06,,,,
23S56,2,25V441,2025-06-27,2023554,2023-10-17,,,,
23S64,2,23V905,2023-12-22,2023704,2023-12-22,,,,
23S65,2,23V896,2023-12-22,2023705,2023-12-22,,,,
23T3,2,16V171,2016-03-24,2016132,2016-03-23,,,,
24003,2,24V307,2024-04-30,2024156,2024-03-08,,,,
24014,2,24V799,2024-10-24,2024639,2024-10-25,,,,
240809REV,2,24V607,2024-08-13,2024474,2024-08-15,,,,
240812REV,2,24V610,2024-08-14,2024482,2024-08-16,,,,
24452,2,24V234,2024-03-27,2024204,2024-03-29,,,,
24453,2,24V263,2024-04-11,2024217,2024-04-11,,,,
24456,2,24V521,2024-07-09,2024401,2024-07-10,,,,
24501,2,24V026,2024-01-18,2024022,2024-01-18,,,,
24503,2,24V088,2024-02-08,2024074,2024-02-08,,,,
24504,2,24V089,2024-02-08,2024075,2024-02-08,,,,
24505,2,24V164,2024-02-29,2024138,2024-02-29,,,,
24511,2,24V556,2024-07-25,2024424,2024-07-25,,,,
24513,2,24V750,2024-10-02,2024584,2024-10-03,,,,
24515,2,24V818,2024-10-31,2024655,2024-10-31,,,,
241592,2,23V015,2023-01-20,2023014,2023-01-20,,,,
24BL,2,15V028,2015-01-23,2014575,2014-12-17,,,,
24BZ,2,16V646,2016-09-07,2016429,2016-09-02,,,,
24C01,2,24V140,2024-02-23,2024125,2024-02-23,,,,
24C08,2,24V266,2024-04-12,2024223,2024-04-12,,,,
24C20,2,24V486,2024-06-28,2024378,2024-07-01,,,,
24C24,2,24V597,2024-08-09,2024463,2024-08-12,,,,
24C30,2,24V682,2024-09-13,2024527,2024-09-13,,,,
24C32,2,24V725,2024-09-27,2024570,2024-09-27,,,,
24C33,2,24V778,2024-10-18,2024621,2024-10-21,,,,
24C34,2,24V801,2024-10-25,2024644,2024-10-25,,,,
24C35,2,24V802,2024-10-25,2024645,2024-10-25,,,,
24C38,2,24V850,2024-11-08,2024689,2024-11-08,,,,
24C43,2,24V953,2024-12-20,2024776,2024-12-20,,,,
24ID,2,22V245,2022-04-13,2022182,2022-04-13,,,,
24IH,2,22V368,2022-05-23,2022266,2022-05-23,,,,
24IL,2,22V687,2022-09-14,2022517,2022-09-15,,,,
24KWD,2,24V145,2024-02-23,2024121,2024-02-23,,,,
24S02,3,24V031,2024-01-19,2024026,2024-01-22,A12/00789/24,29/03/2024,Germany,https://ec.europa.eu/safety-gate-alerts/screen/webReport/alertDetail/10012331
24S05,2,24V102,2024-02-09,2024083,2024-02-11,,,,
24S06,2,24V099,2024-02-09,2024084,2024-02-11,,,,
24S07,2,24V097,2024-02-09,2024085,2024-02-11,,,,
24S09,2,24V143,2024-02-23,2024122,2024-02-23,,,,
24S10,3,24V142,2024-02-23,2024123,2024-02-23,A12/01224/24,17/05/2024,Germany,https://ec.europa.eu/safety-gate-alerts/screen/webReport/alertDetail/10012996
24S11,2,25V272,2025-04-23,2024124,2024-02-26,,,,
24S15,2,25V303,2025-05-09,2024157,2024-03-11,,,,
24S16,3,24V187,2024-03-08,2024160,2024-03-11,A12/01351/24,24/05/2024,Germany,https://ec.europa.eu/safety-gate-alerts/screen/webReport/alertDetail/10013100
24S19,2,24V220,2024-03-22,2024191,2024-03-23,,,,
24S20,2,24V223,2024-03-22,2024192,2024-03-25,,,,
24S24,2,24V293,2024-04-26,2024224,2024-04-12,,,,
24S29,3,24V294,2024-04-26,2024247,2024-04-26,A12/02415/24,30/08/2024,Germany,https://ec.europa.eu/safety-gate-alerts/screen/webReport/alertDetail/10013946
24S32,2,24V329,2024-05-10,2024269,2024-05-13,,,,
24S33,2,25V881,2025-12-18,2024270,2024-05-10,,,,
24S35,2,24V368,2024-05-24,2024297,2024-05-24,,,,
24S36,3,24V394,2024-06-03,2024317,2024-06-04,A12/02023/24,09/08/2024,Germany,https://ec.europa.eu/safety-gate-alerts/screen/webReport/alertDetail/10013947
24S37,2,24V444,2024-06-17,2024346,2024-06-14,,,,
24S38,2,24V443,2024-06-14,2024347,2024-06-14,,,,
24S39,2,24V440,2024-06-14,2024348,2024-06-14,,,,
24S42,2,24V494,2024-06-28,2024380,2024-07-01,,,,
24S44,3,24V493,2024-06-28,2024381,2024-07-01,A12/01985/24,02/08/2024,Germany,https://ec.europa.eu/safety-gate-alerts/screen/webReport/alertDetail/10013907
24S45,2,24E055,2024-06-28,,,SR/02696/25,25/07/2025,Germany,https://ec.europa.eu/safety-gate-alerts/screen/webReport/alertDetail/10095298
24S49,2,24V593,2024-08-09,2024459,2024-08-12,,,,
24S50,2,24V590,2024-08-09,2024460,2024-08-12,,,,
24S51,2,24V594,2024-08-09,2024461,2024-08-12,,,,
24S52,2,24V598,2024-08-09,2024462,2024-08-12,,,,
24S53,2,24V636,2024-08-23,2024490,2024-08-23,,,,
24S54,2,24V634,2024-08-23,2024491,2024-08-23,,,,
24S55,2,24V635,2024-08-23,2024492,2024-08-23,,,,
24S59,2,24V684,2024-09-13,2024524,2024-09-13,,,,
24S60,2,24V683,2024-09-13,2024525,2024-09-13,,,,
24S61,2,24V685,2024-09-13,2024526,2024-09-13,,,,
24S64,2,24V770,2024-10-16,2024620,2024-10-21,,,,
24S65,2,24V777,2024-10-18,2024622,2024-10-21,,,,
24S66,2,24V806,2024-10-25,2024642,2024-10-25,,,,
24S67,2,24V805,2024-10-25,2024643,2024-10-25,,,,
24S70,2,24V851,2024-12-20,2024687,2024-11-08,,,,
24S71,2,24V848,2024-11-08,2024688,2024-11-08,,,,
24S75,2,24V951,,2024777,2024-12-20,,,,
24S76,2,25V341,2025-05-23,2024778,2024-12-20,,,,
24S78,2,24V957,2024-12-20,2024780,2024-12-20,,,,
24S79,3,24V954,2024-12-20,2024781,2024-12-20,SR/01457/25,18/04/2025,Germany,https://ec.europa.eu/safety-gate-alerts/screen/webReport/alertDetail/10093920
2501,2,25E019,,,,SR/03232/25,12/09/2025,France,https://ec.europa.eu/safety-gate-alerts/screen/webReport/alertDetail/10095779
250221REV,2,25V121,2025-02-27,2025107,2025-02-28,,,,
25010,2,25V584,2025-09-06,2025462,2025-09-08,,,,
250618REV,2,25V416,2025-06-18,2025348,2025-06-23,,,,
250829REV,2,25V565,2025-08-29,2025465,2025-09-09,,,,
251021REV,2,25V718,2025-10-21,2025660,2025-12-01,,,,
25462,2,25V110,2025-02-21,2025097,2025-02-21,,,,
25463,2,25V151,2025-03-11,2025122,2025-03-11,,,,
25468,2,25V321,2025-05-15,2025262,2025-05-15,,,,
25470,2,25V384,2025-06-23,2025313,2025-06-11,,,,
25472,2,25V547,2025-08-25,2025437,2025-08-25,,,,
25475,2,25V771,2025-11-10,2025619,2025-11-10,,,,
25477,2,25V844,2025-12-09,2025675,2025-12-09,,,,
25502,2,25V176,2025-03-20,2025145,2025-03-20,,,,
25504,2,25V266,2025-04-22,2025220,2025-04-22,,,,
25505,2,25V276,2025-04-24,2025227,2025-04-24,,,,
25507,2,25V414,2025-06-25,2025336,2025-06-19,,,,
25509,2,25V502,2025-08-06,2025408,2025-08-08,,,,
25510,2,25V503,2025-08-06,2025409,2025-08-07,,,,
25511,2,25V522,2025-08-12,2025419,2025-08-12,,,,
25513,2,25V534,2025-08-21,2025428,2025-08-21,,,,
25514,2,25V580,2025-09-04,2025488,2025-09-17,,,,
25515,2,25V640,2025-09-25,2025507,2025-09-25,,,,
25516,2,25V641,2025-09-25,2025508,2025-09-25,,,,
25517,2,25V646,2025-09-25,2025511,2025-09-25,,,,
25519,2,25V702,2025-10-15,2025563,2025-10-16,,,,
25520,2,25V703,2025-10-15,2025562,2025-10-16,,,,
25521,2,25V763,2025-11-06,2025611,2025-11-06,,,,
25523,2,25V783,2025-11-13,2025624,2025-11-13,,,,
25524,2,25V806,2025-11-20,2025647,2025-11-20,,,,
25525,2,25V817,2025-11-25,2025652,2025-11-25,,,,
25526,2,25V879,2025-12-18,2025696,2025-12-18,,,,
25C04,2,25V094,2025-02-14,2025086,2025-02-14,,,,
25C06,2,25V123,2025-02-28,2025102,2025-03-02,,,,
25C07,2,25V124,2025-02-28,2025103,2025-03-02,,,,
25C08,2,25V161,2025-03-14,2025131,2025-03-14,,,,
25C10,2,25V237,2025-04-11,2025200,2025-04-11,,,,
25C14,2,25V312,2025-05-09,2025255,2025-05-09,,,,
25C16,2,25V311,2025-05-09,2025256,2025-05-09,,,,
25C17,2,25V350,2025-06-09,2025279,2025-05-23,,,,
25C18,2,25V338,2025-05-23,2025277,2025-05-23,,,,
25C19,2,25V339,2025-05-23,2025278,2025-05-23,,,,
25C21,2,25V337,2025-05-23,2025280,2025-05-23,,,,
25C25,2,25V394,2025-06-13,2025321,2025-06-13,,,,
25C26,2,25V401,2025-06-13,2025322,2025-06-13,,,,
25C27,2,25V396,2025-06-13,2025323,2025-06-13,,,,
25C31,2,25V489,2025-07-25,2025394,2025-07-25,,,,
25C33,2,25V484,2025-07-25,2025393,2025-07-28,,,,
25C36,2,25V518,2025-08-08,2025413,2025-08-08,,,,
25C37,2,25V517,2025-08-08,2025415,2025-08-08,,,,
25C38,2,25V515,2025-08-08,2025416,2025-08-08,,,,
25C39,2,25V519,2025-08-08,2025417,2025-08-08,,,,
25C41,2,25V541,2025-08-22,2025432,2025-08-22,,,,
25C42,2,25V543,2025-08-22,2025433,2025-08-22,,,,
25C43,2,25V546,2025-08-22,2025434,2025-08-22,,,,
25C53,2,25V688,2025-10-10,2025551,2025-10-11,,,,
25C54,2,25V678,2025-10-09,2025552,2025-10-11,,,,
25C55,2,25V689,2025-10-10,2025703,2025-12-18,,,,
25C60,2,25V730,2025-10-24,2025583,2025-10-24,,,,
25C66,2,25V831,2025-12-01,2025666,2025-12-01,,,,
25C68,2,25V862,2025-12-12,2025690,2025-12-12,,,,
25C69,2,26V301,,2025691,2025-12-12,,,,
25C71,2,25V886,2025-12-18,2025704,2025-12-18,,,,
25PACF,2,25V436,2025-06-26,2025357,2025-06-26,,,,
25PACG,2,25V569,2025-09-02,2025448,2025-09-02,,,,
25PACH,2,25V795,2025-11-17,2025633,2025-11-17,,,,
25S01,3,25V025,2025-01-17,2025020,2025-01-17,SR/01163/25,04/04/2025,Germany,https://ec.europa.eu/safety-gate-alerts/screen/webReport/alertDetail/10093756
25S02,2,25V019,2025-01-17,2025022,2025-01-17,,,,
25S03,2,25V020,2025-01-17,2025023,2025-01-17,,,,
25S05,2,25V048,2025-01-31,2025043,2025-01-31,,,,
25S07,2,25V095,2025-02-14,2025081,2025-02-17,,,,
25S08,2,25V091,2025-02-14,2025082,2025-02-17,,,,
25S09,3,25V093,2025-02-14,2025084,2025-02-14,SR/03067/25,29/08/2025,Germany,https://ec.europa.eu/safety-gate-alerts/screen/webReport/alertDetail/10095714
25S11,3,25V096,2025-02-14,2025085,2025-02-14,SR/01908/25,23/05/2025,Germany,https://ec.europa.eu/safety-gate-alerts/screen/webReport/alertDetail/10094454
25S12,2,25V126,2025-02-28,2025104,2025-03-02,,,,
25S14,2,25V130,2025-02-28,2025105,2025-03-02,,,,
25S16,2,25V133,2025-02-28,2025108,2025-03-02,,,,
25S17,2,25V134,2025-02-28,2025109,2025-03-02,,,,
25S18,2,25V132,2025-02-28,2025110,2025-03-02,,,,
25S19,2,25V164,2025-03-14,2025132,2025-03-14,,,,
25S20,2,25V163,2025-03-14,2025133,2025-03-14,,,,
25S21,2,25V165,2025-03-14,2025134,2025-03-14,,,,
25S22,2,25V166,2025-03-14,2025135,2025-03-14,,,,
25S23,2,25V168,2025-03-14,2025136,2025-03-14,,,,
25S24,2,25V169,2025-03-14,2025137,2025-03-14,,,,
25S25,2,25V157,2025-03-14,2025138,2025-03-14,,,,
25S26,2,25V158,2025-03-14,2025139,2025-03-14,,,,
25S27,2,25V159,2025-03-14,2025140,2025-03-14,,,,
25S28,2,25V160,2025-03-14,2025141,2025-03-14,,,,
25S29,2,25V199,2025-03-28,2025162,2025-03-28,,,,
25S30,2,25V198,2025-03-28,2025163,2025-03-28,,,,
25S31,2,25V197,2025-05-23,2025164,2025-03-28,,,,
25S32,2,25V196,2025-03-28,2025165,2025-03-28,,,,
25S35,2,25V239,2025-04-11,2025196,2025-04-11,,,,
25S36,2,25V238,2025-04-11,2025197,2025-04-11,,,,
25S37,2,25V236,2025-04-11,2025198,2025-04-11,,,,
25S38,2,25V242,2025-04-11,2025199,2025-04-11,,,,
25S42,2,25V270,2025-04-23,2025224,2025-04-24,,,,
25S45,2,25V310,2025-05-09,2025257,2025-05-09,,,,
25S46,2,25V309,2025-05-09,2025258,2025-05-09,,,,
25S47,2,25V314,2025-05-09,2025259,2025-05-09,,,,
25S49,2,25V315,2025-05-09,2025260,2025-05-09,,,,
25S51,3,25V439,2025-06-27,2025358,2025-05-27,SR/00252/26,30/01/2026,France,https://ec.europa.eu/safety-gate-alerts/screen/webReport/alertDetail/10097480
25S52,2,26V239,2026-04-14,2025281,2025-05-23,,,,
25S53,2,25V347,,2025282,2025-05-23,,,,
25S54,2,25V345,2025-05-23,2025283,2025-05-23,,,,
25S55,2,25V344,2025-06-13,2025284,2025-05-23,,,,
25S56,2,25V346,2025-05-23,2025285,2025-05-23,,,,
25S58,2,25V349,2025-05-23,,,SR/03119/25,05/09/2025,Germany,https://ec.europa.eu/safety-gate-alerts/screen/webReport/alertDetail/10095723
25S61,3,25V372,2025-06-03,2025306,2025-06-03,SR/03096/25,29/08/2025,Germany,https://ec.europa.eu/safety-gate-alerts/screen/webReport/alertDetail/10095721
25S63,2,25V398,2025-06-13,2025324,2025-06-13,,,,
25S64,2,25V397,2025-06-13,2025325,2025-06-13,,,,
25S65,2,25V404,2025-06-13,2025326,2025-06-13,,,,
25S66,2,25V407,2025-06-13,2025327,2025-06-13,,,,
25S67,2,25V393,2025-06-13,2025328,2025-06-13,,,,
25S68,2,25V887,2025-12-18,2025329,2025-06-13,,,,
25S72,2,25V442,2025-06-27,2025360,2025-06-27,,,,
25S74,2,25V443,2025-06-27,2025361,2025-06-27,,,,
25S75,2,25V455,2025-07-07,2025366,2025-07-08,,,,
25S76,2,25V467,,2025376,2025-07-14,,,,
25S77,3,25V488,2025-07-25,2025392,2025-07-25,SR/00250/26,30/01/2026,Germany,https://ec.europa.eu/safety-gate-alerts/screen/webReport/alertDetail/10097544
25S82,2,25V512,2025-08-08,2025414,2025-08-08,,,,
25S83,2,25V510,2025-08-08,2025412,2025-08-08,,,,
25S87,2,25V544,,2025435,2025-08-22,,,,
25S88,2,25V540,2025-08-22,2025436,2025-08-22,,,,
25S89,2,25V572,2025-09-03,2025449,2025-09-03,,,,
25S91,2,25V611,2025-09-12,2025483,2025-09-12,,,,
25S92,3,25V614,,2025484,2025-09-12,SR/00175/26,23/01/2026,Germany,https://ec.europa.eu/safety-gate-alerts/screen/webReport/alertDetail/10097428
25S94,2,25V626,2025-09-19,2025494,2025-09-19,,,,
25SA2,2,25V691,2025-10-10,2025547,2025-10-11,,,,
25SA3,2,25V687,2025-10-10,2025548,2025-10-11,,,,
25SA4,2,26V012,,2025554,2025-10-10,,,,
25SA7,2,25E068,2025-10-10,2025549,2025-10-11,,,,
25SA8,2,25V686,2025-10-10,2025550,2025-10-11,,,,
25SB4,2,25V726,2025-10-24,2025584,2025-10-24,,,,
25SB5,2,25V721,2025-10-23,2025585,2025-10-24,,,,
25SB6,2,25V731,2025-10-24,2025586,2025-10-24,,,,
25SB7,2,25V729,2025-10-24,2025587,2025-10-24,,,,
25SB8,2,25V732,,2025588,2025-10-24,,,,
25SC3,2,25V788,2025-11-14,2025627,2025-11-14,,,,
25SC4,3,26V091,,2025628,2025-11-14,SR/00933/26,03/04/2026,Germany,https://ec.europa.eu/safety-gate-alerts/screen/webReport/alertDetail/10098374
25SC6,2,25V787,2025-11-14,2025629,2025-11-14,,,,
25SC7,2,25V793,2025-11-17,2025630,2025-11-14,,,,
25SD4,2,25V823,2025-12-01,2025663,2025-12-01,,,,
25SD5,2,25V827,,2025664,2025-12-01,,,,
25SD6,2,25V829,2025-12-01,2025665,2025-12-01,,,,
25SD8,2,25V866,2025-12-12,2025688,2025-12-12,,,,
25SD9,2,25V860,2025-12-12,2025689,2025-12-12,,,,
25SE7,2,25V884,2025-12-18,2025706,2025-12-18,,,,
26478,2,26V026,2026-01-21,2026025,2026-01-21,,,,
26479,2,26V045,2026-01-26,2026031,2026-01-26,,,,
26480,2,26V161,2026-03-18,2026127,2026-03-18,,,,
26482,2,26V211,2026-04-02,2026163,2026-04-02,,,,
26483,2,26V313,2026-05-18,2026237,2026-05-18,,,,
26501,2,26V084,2026-02-12,2026063,2026-02-12,,,,
26502,2,26V111,2026-02-26,2026087,2026-02-26,,,,
26504,2,26V168,2026-03-19,2026130,2026-03-19,,,,
26505,2,26V226,2026-04-09,2026180,2026-04-09,,,,
26510,2,26V459,,2026348,2026-07-16,,,,
26511,2,26V460,,2026349,2026-07-16,,,,
26512,2,26V461,,2026350,2026-07-16,,,,
26C02,2,26V024,2026-01-21,2026019,2026-01-21,,,,
26C07,2,26V090,2026-02-17,2026071,2026-02-18,,,,
26C10,2,26V104,2026-02-20,2026079,2026-02-20,,,,
26C11,2,26V123,2026-03-03,2026100,2026-03-05,,,,
26C12,2,26V121,2026-03-03,2026099,2026-03-03,,,,
26C18,2,26V159,2026-03-17,2026124,2026-03-17,,,,
26C19,2,26V201,2026-03-31,2026162,2026-04-01,,,,
26C26,2,26V370,2026-06-09,2026286,2026-06-10,,,,
26C27,2,26V372,2026-06-09,2026287,2026-06-10,,,,
26C29,2,26V374,2026-06-09,2026291,2026-06-09,,,,
26C32,2,26V418,2026-06-30,2026319,2026-06-30,,,,
26C35,2,26E046,2026-07-14,2026342,2026-07-14,,,,
26C37,2,26V489,,2026369,2026-07-28,,,,
26PACA,2,26V022,2026-01-19,2026014,2026-01-19,,,,
26PACD,2,26V485,,2026367,2026-07-27,,,,
26S01,2,26V011,,2026004,2026-01-09,,,,
26S05,2,26V062,2026-02-03,2026047,2026-02-03,,,,
26S08,2,26V101,2026-02-20,2026080,2026-02-20,,,,
26S09,2,26V124,2026-03-03,2026093,2026-03-03,,,,
26S10,2,26V122,2026-03-03,2026094,2026-03-03,,,,
26S11,2,26V120,2026-03-03,2026095,2026-03-03,,,,
26S12,2,26V118,2026-03-03,2026096,2026-03-03,,,,
26S13,2,26V119,2026-03-03,2026097,2026-03-03,,,,
26S14,2,26V117,,2026098,2026-03-03,,,,
26S17,2,26V158,2026-03-17,2026122,2026-03-17,,,,
26S18,2,26V157,2026-03-17,2026123,2026-03-17,,,,
26S21,2,26V165,2026-03-18,2026128,2026-03-18,,,,
26S22,2,26V202,2026-03-31,2026159,2026-04-01,,,,
26S23,2,26V205,2026-03-31,2026160,2026-04-01,,,,
26S24,2,26V204,2026-03-31,2026161,2026-04-01,,,,
26S26,2,26V236,2026-04-14,2026188,2026-04-15,,,,
26S28,2,26V237,2026-04-14,2026189,2026-04-15,,,,
26S29,2,26V238,,2026190,2026-04-15,,,,
26S30,2,26V268,2026-04-28,2026211,2026-04-28,,,,
26S32,2,26V299,,2026229,2026-05-12,,,,
26S34,2,26V344,,2026257,2026-05-27,,,,
26S35,3,26V343,,2026258,2026-05-27,SR/01907/26,03/07/2026,Germany,https://ec.europa.eu/safety-gate-alerts/screen/webReport/alertDetail/10099453
26S36,2,26V340,,2026259,2026-05-27,,,,
26S38,2,26V368,,2026279,2026-06-09,,,,
26S40,2,26V369,2026-06-09,2026338,2026-07-14,,,,
26S42,2,26V375,2026-06-09,2026280,2026-06-09,,,,
26S43,2,26V376,,2026281,2026-06-09,,,,
26S44,2,26V377,2026-06-09,2026282,2026-06-09,,,,
26S45,2,26V378,2026-06-09,2026283,2026-06-09,,,,
26S47,2,26V403,,2026310,2026-06-24,,,,
26S48,2,26V402,,2026311,2026-06-24,,,,
26S50,2,26V417,,2026317,2026-06-30,,,,
26S51,2,26V415,2026-06-30,2026318,2026-06-30,,,,
26S52,2,26V451,2026-07-14,2026339,2026-07-14,,,,
26S53,2,26V470,,2026340,2026-07-14,,,,
26S54,2,26V448,,2026341,2026-07-14,,,,
26S55,2,26V468,2026-07-20,2026356,2026-07-20,,,,
26S56,2,26V487,,2026368,2026-07-28,,,,
28030,2,16V125,2016-03-02,2016102,2016-03-02,,,,
28H1,2,15V194,2015-04-01,2014266,2014-07-02,,,,
28H7,2,23V604,2023-08-30,2023487,2023-08-31,,,,
30710,2,16V517,2016-07-07,2016350,2016-07-07,,,,
31820,2,16V151,2016-03-11,2016116,2016-03-11,,,,
39440,2,16V272,2016-05-05,2016199,2016-05-05,,,,
341707,2,23V774,2023-11-17,2023618,2023-11-17,,,,
341780,2,24V351,2024-05-17,2024282,2024-05-17,,,,
2990005,2,,,2024104,2024-02-16,A12/00575/24,08/03/2024,Germany,https://ec.europa.eu/safety-gate-alerts/screen/webReport/alertDetail/10012094
3001863,2,24V846,2024-11-08,2024684,2024-11-08,,,,
3001922,2,25V264,2025-04-18,2025217,2025-04-18,,,,
314D,2,14V145,2014-03-25,2014094,2014-03-25,,,,
3190301,2,,,2022353,2022-07-04,A12/01146/22,12/08/2022,Germany,https://ec.europa.eu/safety-gate-alerts/screen/webReport/alertDetail/10006554
3290201,2,,,2020255,2020-06-10,A12/01104/20,31/07/2020,Germany,https://ec.europa.eu/safety-gate-alerts/screen/webReport/alertDetail/10001715
3594805,2,,,2024395,2024-07-05,A12/02389/24,30/08/2024,Germany,https://ec.europa.eu/safety-gate-alerts/screen/webReport/alertDetail/10014035
36A1,2,,,2020102,2020-03-16,A12/00547/20,10/04/2020,Germany,https://ec.europa.eu/safety-gate-alerts/screen/webReport/alertDetail/10000966
38C7,2,,,2020207,2020-05-13,A12/00997/20,10/07/2020,Germany,https://ec.europa.eu/safety-gate-alerts/screen/webReport/alertDetail/10001587
3A01,2,24V038,2024-01-23,1982083,1982-10-12,,,,
3A02,2,24V081,2024-02-07,1982098,1982-12-10,,,,
3A03,2,24V535,2024-07-17,1982090,1982-11-17,,,,
3A04,2,24V769,2024-10-16,1982091,1982-11-18,,,,
3A06,2,25V505,2025-08-07,1983009,1983-01-26,,,,
3A07,2,25V505,2025-08-07,1983046,1983-05-12,,,,
40LF,2,25V428,2025-06-27,,,SR/03351/25,26/09/2025,Germany,https://ec.europa.eu/safety-gate-alerts/screen/webReport/alertDetail/10095962
414E,2,14V178,2014-04-08,2014120,2014-04-08,,,,
42HX,2,25V434,2025-06-30,2025355,2025-06-25,,,,
42J5,2,,,2019116,2019-03-06,INFO/00145/21,13/08/2021,France,https://ec.europa.eu/safety-gate-alerts/screen/webReport/alertDetail/10004202
42L1,2,,,2021249,2021-04-26,INFO/00138/21,09/07/2021,Germany,https://ec.europa.eu/safety-gate-alerts/screen/webReport/alertDetail/10004088
42L5,2,,,2022022,2022-01-26,A12/00504/22,01/04/2022,Germany,https://ec.europa.eu/safety-gate-alerts/screen/webReport/alertDetail/10005797
42L8,2,22V176,2022-03-23,2022132,2022-03-23,,,,
42M2,2,22V807,2022-10-26,2022612,2022-10-26,,,,
44BW,2,25V835,2025-12-03,2025668,2025-12-03,,,,
46G4,2,16V170,2016-03-24,2016128,2016-03-22,,,,
46P6,2,24V621,2024-08-19,2024484,2024-08-19,,,,
46P7,2,26V240,2026-04-15,2026187,2026-04-15,,,,
471F,2,24V723,2024-09-27,2024568,2024-09-27,,,,
47DE,3,24V428,2024-06-10,2024332,2024-06-10,A12/01781/24,12/07/2024,Germany,https://ec.europa.eu/safety-gate-alerts/screen/webReport/alertDetail/10013553
47L8,2,14V516,2014-08-26,2014366,2014-08-26,,,,
47P8,2,,,2020092,2020-03-09,A12/00701/20,15/05/2020,Germany,https://ec.europa.eu/safety-gate-alerts/screen/webReport/alertDetail/10001159
47UP,2,24V465,2024-06-20,2024355,2024-06-19,,,,
48M1,2,15V452,2015-07-20,2015315,2015-07-17,,,,
50G5,2,23V086,2023-02-15,2023068,2023-02-15,,,,
50ZZ,2,22V901,2022-12-07,2022694,2022-12-07,,,,
514F,2,14V283,2014-05-29,2014198,2014-05-29,,,,
51G6,2,,,2020308,2020-07-07,A12/01262/20,25/09/2020,Germany,https://ec.europa.eu/safety-gate-alerts/screen/webReport/alertDetail/10001875
55M6,2,22V567,2022-08-03,2022455,2022-08-03,,,,
5723B,2,23V135,2023-03-01,2023108,2023-03-02,,,,
57F6,2,14V790,2014-12-15,2014562,2014-12-11,,,,
57KS,2,26V209,2026-04-01,2026157,2026-04-01,,,,
57J4,2,23V213,2023-03-29,2023184,2023-03-29,,,,
57J9,2,24V651,2024-09-04,2024502,2024-09-04,,,,
5823D,2,23V275,2023-04-18,2023232,2023-04-18,,,,
58C9,2,16V464,2016-06-24,2016319,2016-06-22,,,,
597R,2,23V138,2023-03-02,2023110,2023-03-02,,,,
6023G,2,23V487,2023-07-14,2023391,2023-07-14,,,,
604RSB,2,23V469,2023-07-07,2023374,2023-07-07,,,,
60B9,2,14V658,2014-10-20,2014465,2014-10-20,,,,
60C1,2,15V200,2015-04-03,2015143,2015-04-02,,,,
60C3,2,16V415,2016-06-09,2016287,2016-06-06,,,,
60F6,2,22V542,2022-07-27,2022402,2022-07-27,,,,
60G3,2,23V750,2023-12-07,2023602,2023-11-08,,,,
6123H,2,23V553,2023-08-04,2023436,2023-08-04,,,,
61401C,2,14V574,2014-09-19,2014410,2014-09-18,,,,
42190,2,16V256,2016-04-28,2016190,2016-04-28,,,,
45340,2,16V422,2016-06-10,2016292,2016-06-08,,,,
46600,2,16V449,2016-06-21,2016312,2016-06-17,,,,
50190,2,16V498,2016-07-01,2016339,2016-06-29,,,,
50490,2,16V502,2016-07-05,2016341,2016-06-30,,,,
51230,2,16V521,2016-07-08,2016351,2016-07-07,,,,
52410,2,24V578,2024-08-02,2024445,2024-08-02,,,,
54180,2,16V595,2016-08-11,2016396,2016-08-10,,,,
56340,2,16V516,2016-07-07,2016349,2016-07-06,,,,
401516,2,22V381,2022-05-27,2022277,2022-05-27,,,,
402015,2,16V107,2016-02-24,2016087,2016-02-22,,,,
451909,2,25V162,2025-03-14,2025130,2025-03-14,,,,
451924,2,25V277,2025-04-25,2025228,2025-04-25,,,,
451997,2,25V727,2025-10-24,2025581,2025-10-24,,,,
472072,2,26V398,2026-06-22,2026306,2026-06-22,,,,
481541,2,22V586,2022-08-05,2022432,2022-08-05,,,,
491523,2,22V410,2022-06-09,2022302,2022-06-09,,,,
491737,2,24V116,2024-02-16,2024101,2024-02-16,,,,
501566,2,22V750,2022-10-07,2022572,2022-10-07,,,,
511494,2,22V184,2022-03-25,2022138,2022-03-25,,,,
511513,2,22V361,2022-05-20,2022264,2022-05-20,,,,
511519,2,22V395,2022-06-06,2022289,2022-06-06,,,,
511529,2,22V488,2022-07-08,2022358,2022-07-06,,,,
511532,2,22V556,2022-07-29,2022368,2022-07-08,,,,
511533,2,22V487,2022-07-08,2022371,2022-07-08,,,,
511607,2,23V262,2023-04-13,2023217,2023-04-13,,,,
511626,2,23V286,2023-04-21,2023242,2023-04-21,,,,
511703,2,23V773,2023-11-17,2023617,2023-11-17,,,,
511727,2,24V029,2024-01-19,2024020,2024-01-19,,,,
511760,2,24V272,2024-04-17,2024227,2024-04-17,,,,
511774,2,24V324,2024-05-10,2024266,2024-05-10,,,,
511786,2,24V395,2024-06-04,2024316,2024-06-05,,,,
511803,2,24V531,2024-07-12,2024407,2024-07-12,,,,
511839,2,24V771,2024-11-08,2024610,2024-10-17,,,,
511870,2,24V884,2024-11-22,2024713,2024-11-22,,,,
511915,2,25V245,2025-04-14,2025203,2025-04-14,,,,
511935,2,25V364,2025-06-10,2025302,2025-06-02,,,,
511955,2,25V486,2025-07-25,2025389,2025-07-25,,,,
512001,2,25V780,2025-11-13,2025623,2025-11-13,,,,
512008,2,25V779,2025-11-13,2025622,2025-11-13,,,,
512017,2,26V020,2026-01-19,2026013,2026-01-19,,,,
512076,2,26V476,2026-07-23,2026359,2026-07-23,,,,
512077,2,26V477,2026-07-23,2026360,2026-07-23,,,,
531883,2,25V005,2025-01-13,2025008,2025-01-13,,,,
531974,2,25V610,2025-09-12,2025481,2025-09-12,,,,
551751,2,24V202,2024-03-15,2024172,2024-03-15,,,,
591860,2,24V823,2024-11-01,2024666,2024-11-01,,,,
621785,2,24V386,2024-06-03,2024308,2024-05-31,,,,
681736,2,24V103,2024-02-12,2024086,2024-02-12,,,,
681875,2,24V913,2024-12-06,2024742,2024-12-06,,,,
691538,2,22V562,2022-08-02,2022419,2022-08-02,,,,
691833,2,24V629,2024-08-22,2024489,2024-08-22,,,,
691945,2,25V425,2025-06-20,2025343,2025-06-20,,,,
701853,2,24V774,2024-10-18,2024613,2024-10-18,,,,
701957,2,25V550,2025-08-26,2025438,2025-08-26,,,,
721559,2,22V729,2022-09-30,2022556,2022-09-30,,,,
721805,2,24V490,2024-06-28,2024374,2024-06-28,,,,
4001605,2,23V141,2023-03-03,2023111,2023-03-03,,,,
4001677,2,23V638,2023-09-15,2023513,2023-09-15,,,,
4090023,2,,,2020632,2020-12-18,A12/00222/21,19/02/2021,Germany,https://ec.europa.eu/safety-gate-alerts/screen/webReport/alertDetail/10003163
4090025,2,,,2021111,2021-03-02,A12/00563/21,30/04/2021,Germany,https://ec.europa.eu/safety-gate-alerts/screen/webReport/alertDetail/10003574
4090108,2,,,2026148,2026-03-27,SR/01346/26,08/05/2026,Germany,https://ec.europa.eu/safety-gate-alerts/screen/webReport/alertDetail/10098731
4101631,2,23V289,2023-04-24,2023244,2023-04-24,,,,
4201832,2,24V619,2024-08-16,2024481,2024-08-16,,,,
4251787,2,24V387,2024-06-03,2024307,2024-05-31,,,,
4290009,2,,,2022511,2022-09-09,A12/01426/22,21/10/2022,Germany,https://ec.europa.eu/safety-gate-alerts/screen/webReport/alertDetail/10006933
4691007,2,,,2025423,2025-08-15,SR/03352/25,26/09/2025,Germany,https://ec.europa.eu/safety-gate-alerts/screen/webReport/alertDetail/10095995
4692030,2,,,2021210,2021-04-07,A12/00857/21,18/06/2021,Germany,https://ec.europa.eu/safety-gate-alerts/screen/webReport/alertDetail/10003879
4692108,2,,,2022724,2022-12-16,A12/00149/23,27/01/2023,Germany,https://ec.europa.eu/safety-gate-alerts/screen/webReport/alertDetail/10007640
4790205,2,23V444,2023-06-26,2023672,2023-12-15,,,,
4794004,2,,,2026052,2026-02-09,SR/00652/26,06/03/2026,Germany,https://ec.europa.eu/safety-gate-alerts/screen/webReport/alertDetail/10098010
5001644,2,23V375,2023-05-26,2023305,2023-05-26,,,,
5001672,2,23V612,2023-09-01,2023491,2023-09-01,,,,
5011571,2,22V828,2022-11-04,2022637,2022-11-04,,,,
5011859,2,24V822,2024-11-01,2024665,2024-11-01,,,,
5042048,2,26V249,2026-04-20,2026197,2026-04-20,,,,
5081617,2,23V227,2023-03-31,2023193,2023-03-31,,,,
5191001,2,,,2023651,2023-12-08,A12/00218/24,09/02/2024,Germany,https://ec.europa.eu/safety-gate-alerts/screen/webReport/alertDetail/10011750
5490422,2,,,2020307,2020-07-06,A12/01178/20,28/08/2020,Germany,https://ec.europa.eu/safety-gate-alerts/screen/webReport/alertDetail/10001814
5491018,2,,,2020176,2020-04-23,A12/00854/20,12/06/2020,Germany,https://ec.europa.eu/safety-gate-alerts/screen/webReport/alertDetail/10001380
5491301,2,,,2020614,2020-12-12,A12/00338/21,12/03/2021,Germany,https://ec.europa.eu/safety-gate-alerts/screen/webReport/alertDetail/10003304
5491302,2,,,2021185,2021-03-26,A12/00773/21,04/06/2021,Germany,https://ec.europa.eu/safety-gate-alerts/screen/webReport/alertDetail/10003745
5491305,2,,,2022029,2022-01-28,A12/00314/22,25/02/2022,Germany,https://ec.europa.eu/safety-gate-alerts/screen/webReport/alertDetail/10005611
5491309,2,,,2022397,2022-07-22,A12/01237/22,02/09/2022,Germany,https://ec.europa.eu/safety-gate-alerts/screen/webReport/alertDetail/10006657
5491318,2,,,2024081,2024-02-09,A12/00463/24,01/03/2024,Germany,https://ec.europa.eu/safety-gate-alerts/screen/webReport/alertDetail/10012035
5491807,2,,,2022173,2022-04-08,A12/00754/22,20/05/2022,Germany,https://ec.europa.eu/safety-gate-alerts/screen/webReport/alertDetail/10006128
5491810,2,23V101,2023-02-17,2023077,2023-02-17,,,,
5494205,2,,,2022101,2022-03-04,A12/00497/22,01/04/2022,Germany,https://ec.europa.eu/safety-gate-alerts/screen/webReport/alertDetail/10005813
5495204,2,,,2021054,2021-02-08,INFO/00063/21,26/03/2021,Germany,https://ec.europa.eu/safety-gate-alerts/screen/webReport/alertDetail/10003369
5496234,2,,,2024530,2024-09-16,A12/03598/24,13/12/2024,Germany,https://ec.europa.eu/safety-gate-alerts/screen/webReport/alertDetail/10092360
5496333,2,,,2023448,2023-08-11,A12/02219/23,15/09/2023,Germany,https://ec.europa.eu/safety-gate-alerts/screen/webReport/alertDetail/10010226
5496340,2,,,2023635,2023-11-27,A12/00144/24,26/01/2024,Germany,https://ec.europa.eu/safety-gate-alerts/screen/webReport/alertDetail/10011531
5496507,2,,,2025041,2025-01-31,SR/01226/25,04/04/2025,Germany,https://ec.europa.eu/safety-gate-alerts/screen/webReport/alertDetail/10093788
5497603,2,,,2024341,2024-06-14,A12/01841/24,12/07/2024,Germany,https://ec.europa.eu/safety-gate-alerts/screen/webReport/alertDetail/10013653
5498725,2,,,2022127,2022-03-18,A12/01448/22,21/10/2022,Germany,https://ec.europa.eu/safety-gate-alerts/screen/webReport/alertDetail/10006773
5498828,2,,,2024455,2024-08-09,A12/02969/24,25/10/2024,Germany,https://ec.europa.eu/safety-gate-alerts/screen/webReport/alertDetail/10091694
5499009,2,,,2021624,2021-10-12,A12/00284/22,18/02/2022,France,https://ec.europa.eu/safety-gate-alerts/screen/webReport/alertDetail/10005456
5499617,2,,,2021112,2021-03-03,INFO/00126/21,18/06/2021,Germany,https://ec.europa.eu/safety-gate-alerts/screen/webReport/alertDetail/10003854
5511851,2,24V776,2024-10-18,2024614,2024-10-18,,,,
5511931,2,25V361,2025-05-30,2025290,2025-05-29,,,,
5512021,2,26V041,2026-01-23,2026028,2026-01-23,,,,
6290004,2,,,2023503,2023-09-08,A12/02356/23,06/10/2023,Germany,https://ec.europa.eu/safety-gate-alerts/screen/webReport/alertDetail/10010408
6290101,2,,,2021125,2021-03-08,A12/00669/21,21/05/2021,Germany,https://ec.europa.eu/safety-gate-alerts/screen/webReport/alertDetail/10003694
6290301,2,,,2021358,2021-06-08,A12/01118/20,07/08/2020,Germany,https://ec.europa.eu/safety-gate-alerts/screen/webReport/alertDetail/10001738
6391006,2,,,2022510,2022-09-09,A12/01395/22,14/10/2022,Germany,https://ec.europa.eu/safety-gate-alerts/screen/webReport/alertDetail/10006806
6490004,2,,,2020122,2020-03-23,A12/00747/20,22/05/2020,Germany,https://ec.europa.eu/safety-gate-alerts/screen/webReport/alertDetail/10001218
6891207,2,,,2023146,2023-03-17,A12/00863/23,21/04/2023,Germany,https://ec.europa.eu/safety-gate-alerts/screen/webReport/alertDetail/10008505
7390003,2,,,2020197,2020-05-05,A12/00919/20,26/06/2020,Germany,https://ec.europa.eu/safety-gate-alerts/screen/webReport/alertDetail/10001511
44448204,2,26V052,2026-01-29,2026035,2026-01-29,,,,
5912232014,2,14V823,2014-12-29,2014592,2014-12-30,,,,
69E8,2,24V643,2024-08-28,2024495,2024-08-28,,,,
6223J,2,23V718,2023-10-26,2023579,2023-10-26,,,,
6323J,2,23V719,2023-10-26,2023580,2023-10-26,,,,
6423L,2,23V837,2023-12-12,2023656,2023-12-12,,,,
6524A,2,24V022,2024-01-18,2024018,2024-01-18,,,,
66K8,2,,,2019520,2019-10-16,A12/00278/20,28/02/2020,Germany,https://ec.europa.eu/safety-gate-alerts/screen/webReport/alertDetail/10000667
66N5,2,22V226,2022-04-06,2022170,2022-04-06,,,,
66N8,2,22V657,2022-08-31,2022489,2022-08-31,,,,
6724E,2,24V349,2024-05-16,2024281,2024-05-16,,,,
68I2,3,22V515,2022-07-20,2022383,2022-07-20,A12/01247/22,02/09/2022,Germany,https://ec.europa.eu/safety-gate-alerts/screen/webReport/alertDetail/10006650
6924I,2,24V695,2024-09-18,2024538,2024-09-18,,,,
692K,3,25V777,2025-11-12,2025621,2025-11-12,SR/04382/25,19/12/2025,Germany,https://ec.europa.eu/safety-gate-alerts/screen/webReport/alertDetail/10096994
69BI,2,,,2020500,2020-10-21,A12/00137/21,05/02/2021,Germany,https://ec.europa.eu/safety-gate-alerts/screen/webReport/alertDetail/10003045
69BT,3,22V471,2022-07-01,2020032,2020-01-29,A12/00849/20,12/06/2020,Germany,https://ec.europa.eu/safety-gate-alerts/screen/webReport/alertDetail/10001355
69CJ,2,,,2021391,2021-06-23,A12/01579/21,19/11/2021,France,https://ec.europa.eu/safety-gate-alerts/screen/webReport/alertDetail/10004726
69D8,2,25V899,2025-12-19,2025712,2025-12-19,,,,
69DZ,3,22V652,2022-08-29,2022481,2022-08-29,A12/01381/22,07/10/2022,Germany,https://ec.europa.eu/safety-gate-alerts/screen/webReport/alertDetail/10006853
69EM,2,22V945,2022-12-21,2022735,2022-12-14,,,,
69ET,2,23V084,2023-02-15,2023069,2023-02-15,,,,
69FA,2,23V189,2023-03-22,2023163,2023-03-22,,,,
69FB,2,23V215,2023-03-29,2023183,2023-03-29,,,,
69GA,3,23V868,2023-12-20,2023685,2023-12-20,A12/00409/24,23/02/2024,Germany,https://ec.europa.eu/safety-gate-alerts/screen/webReport/alertDetail/10011998
69GT,3,26V266,2026-04-24,2026208,2026-04-24,SR/01448/26,22/05/2026,Germany,https://ec.europa.eu/safety-gate-alerts/screen/webReport/alertDetail/10098909
69GU,2,24V251,2024-04-03,2024209,2024-04-03,,,,
69K5,2,14V667,2014-10-24,2014477,2014-10-23,,,,
69L6,2,15V627,2015-10-07,2015445,2015-10-05,,,,
69O1,2,16V376,2016-05-27,2016246,2016-05-24,,,,
69O3,2,16V519,2016-07-08,2016348,2016-07-06,,,,
69PZ,2,24V464,2024-06-20,2024354,2024-06-19,,,,
69R6,2,,,2018059,2018-01-30,SR/00790/26,20/03/2026,Germany,https://ec.europa.eu/safety-gate-alerts/screen/webReport/alertDetail/10098159
69R7,2,,,2018342,2018-06-22,A12/00884/21,18/06/2021,Germany,https://ec.europa.eu/safety-gate-alerts/screen/webReport/alertDetail/10003935
69U1,2,,,2018022,2018-01-10,SR/02845/25,01/08/2025,Germany,https://ec.europa.eu/safety-gate-alerts/screen/webReport/alertDetail/10095406
69UM,2,25V638,2025-09-24,,,SR/01052/26,10/04/2026,Germany,https://ec.europa.eu/safety-gate-alerts/screen/webReport/alertDetail/10098465
7024J,2,24V817,2024-10-31,2024656,2024-11-01,,,,
70I2,2,,,2021132,2021-03-10,A12/00615/21,07/05/2021,Germany,https://ec.europa.eu/safety-gate-alerts/screen/webReport/alertDetail/10003620
7124J,2,24V814,2024-10-31,2024659,2024-10-31,,,,
715K,2,15V456,2015-07-22,2015317,2015-07-20,,,,
72F1,2,14V670,2014-10-24,2014469,2014-10-22,,,,
72F8,2,16V641,2016-09-06,2016426,2016-09-02,,,,
72LC,2,25V269,2025-05-15,2025221,2025-04-23,,,,
72M7,2,22V224,2022-04-06,2022168,2022-04-06,,,,
7314D,2,14V173,2014-04-03,2014113,2014-04-07,,,,
7414D,2,14V170,2014-04-03,2014114,2014-04-07,,,,
7425E,2,25V336,2025-06-03,2025275,2025-05-22,,,,
74C9,2,15V824,2015-12-08,2015583,2015-12-07,,,,
74HC,2,25V227,2025-04-15,2025186,2025-04-09,,,,
74HE,2,25V854,2025-12-10,2025679,2025-12-10,,,,
7514D,2,14V174,2014-04-04,2014117,2014-04-07,,,,
7525E,2,25V357,2025-05-29,2025294,2025-05-29,,,,
7614E,2,14V282,2014-05-29,2014197,2014-05-29,,,,
7925J,2,25V737,2025-10-29,2025592,2025-10-29,,,,
816F,2,16V872,2016-12-05,2016603,2016-12-02,,,,
8515G,2,15V451,2015-07-20,2015323,2015-07-21,,,,
9010,2,16V622,2016-08-25,2016413,2016-08-23,,,,
8615J,2,15V621,2015-10-02,2015444,2015-10-02,,,,
87H4,2,,,2021705,2021-11-17,A12/01844/21,24/12/2021,Germany,https://ec.europa.eu/safety-gate-alerts/screen/webReport/alertDetail/10005029
90A2,2,25V233,2025-04-10,2025191,2025-04-09,,,,
90N7,2,23V212,2023-03-29,,,A12/00070/19,10/01/2020,Germany,https://ec.europa.eu/safety-gate-alerts/screen/webReport/alertDetail/10000095
90TV,2,25V900,2025-12-19,2025713,2025-12-19,,,,
90V2,2,22V861,2022-11-21,2022660,2022-11-21,,,,
90VC,2,25V201,2025-03-31,2025167,2025-03-31,,,,
90XM,2,25V225,2025-04-09,2025184,2025-04-09,,,,
90Z5,2,26V185,2026-03-25,2026140,2026-03-25,,,,
916C,2,25V226,2025-04-09,2025185,2025-04-09,,,,
801829,2,24V616,2024-08-16,2024478,2024-08-16,,,,
801877,2,24V929,2024-12-13,2024758,2024-12-13,,,,
831554,2,22V667,2022-09-06,2022499,2022-09-07,,,,
831862,2,24V847,2024-11-08,2024685,2024-11-08,,,,
832039,2,26V130,2026-03-05,2026103,2026-03-05,,,,
891819,2,24V563,2024-07-26,2024433,2024-07-26,,,,
910002,2,14V476,2014-08-04,2014331,2014-08-06,,,,
910003,2,15V212,2015-04-10,2015154,2015-04-14,,,,
910004,2,15V518,2015-08-14,2015379,2015-08-25,,,,
910006,2,16V355,2016-05-25,2016241,2016-05-19,,,,
910007,2,16V717,2016-10-07,2016496,2016-10-11,,,,
910008,2,16V841,2016-11-21,2016573,2016-11-17,,,,
910028,2,22V203,2022-03-29,2022154,2022-03-30,,,,
910029,2,22V308,2022-05-06,2022246,2022-05-11,,,,
910031,2,22V603,2022-08-09,2022451,2022-08-10,,,,
910033,2,23V151,2023-03-07,2023121,2023-03-08,,,,
910035,2,23V364,2023-05-24,2023299,2023-05-24,,,,
910038,2,23V455,2023-06-29,2023367,2023-06-29,,,,
910039,2,23V490,2023-07-17,2023395,2023-07-17,,,,
910040,2,23V586,2023-08-17,2023464,2023-08-17,,,,
910042,2,24V193,2024-03-12,2024164,2024-03-12,,,,
910043,2,24V378,2024-05-29,2024302,2024-05-30,,,,
910044,2,24V522,2024-07-09,2024399,2024-07-09,,,,
910045,2,24V861,2024-11-15,2024698,2024-11-15,,,,
910047,2,24V916,2024-12-10,2024750,2024-12-10,,,,
910048,2,25V061,2025-02-07,2025077,2025-02-14,,,,
910049,2,25V119,2025-02-24,2025146,2025-03-20,,,,
910050,2,25V281,2025-05-06,2025232,2025-04-30,,,,
910052,2,25V784,2025-11-13,2025626,2025-11-14,,,,
910054,2,26V044,2026-01-26,2026030,2026-01-26,,,,
910055,2,26V057,2026-01-30,2026042,2026-01-30,,,,
910062,2,26V354,2026-06-01,2026276,2026-06-08,,,,
910064,2,26V490,,2026370,2026-07-30,,,,
952019,2,26V039,2026-01-23,2026027,2026-01-23,,,,
990108,2,16V800,2016-11-03,2011294,2011-08-15,,,,
990115,2,14V033,2014-02-04,2014035,2014-02-07,,,,
990117,2,14V128,2014-03-18,2014086,2014-03-18,,,,
990119,2,15V049,2015-01-30,2015046,2015-01-30,,,,
990120,2,15V198,2015-04-03,2015141,2015-04-01,,,,
990121,2,15V199,2015-04-03,2015142,2015-04-01,,,,
990125,2,16V332,2016-05-20,2016232,2016-05-17,,,,
990128,2,16V819,2016-11-14,2016554,2016-11-09,,,,
990168,2,23V472,2023-07-10,2022239,2022-05-06,,,,
990206,2,16V820,2016-11-14,2016552,2016-11-09,,,,
990311,2,16V821,2016-11-14,2016553,2016-11-09,,,,
991926,2,25V287,2025-05-02,2025235,2025-05-02,,,,
7792002,2,,,2020382,2020-08-17,A12/01599/20,27/11/2020,Germany,https://ec.europa.eu/safety-gate-alerts/screen/webReport/alertDetail/10002470
7792003,2,,,2021208,2021-04-07,A12/00596/21,07/05/2021,Germany,https://ec.europa.eu/safety-gate-alerts/screen/webReport/alertDetail/10003605
7891003,2,,,2019668,2019-12-23,A12/00280/20,28/02/2020,Germany,https://ec.europa.eu/safety-gate-alerts/screen/webReport/alertDetail/10000668
8297010,2,23V100,2023-02-17,2023080,2023-02-17,,,,
8297011,2,,,2024105,2024-02-16,A12/00939/24,19/04/2024,Germany,https://ec.europa.eu/safety-gate-alerts/screen/webReport/alertDetail/10012475
8391001,2,,,2020328,2020-07-20,A12/01206/20,04/09/2020,Germany,https://ec.europa.eu/safety-gate-alerts/screen/webReport/alertDetail/10001846
8391106,2,,,2021247,2021-04-26,A12/00745/21,04/06/2021,Germany,https://ec.europa.eu/safety-gate-alerts/screen/webReport/alertDetail/10003647
8890088,2,,,2021205,2021-04-07,A12/00648/21,14/05/2021,Germany,https://ec.europa.eu/safety-gate-alerts/screen/webReport/alertDetail/10003637
9190101,2,,,2024171,2024-03-15,A12/00991/24,26/04/2024,Germany,https://ec.europa.eu/safety-gate-alerts/screen/webReport/alertDetail/10012763
9190167,2,,,2020432,2020-09-14,A12/00321/21,12/03/2021,Germany,https://ec.europa.eu/safety-gate-alerts/screen/webReport/alertDetail/10003302
9190204,2,,,2019632,2019-12-13,A12/00346/20,06/03/2020,Germany,https://ec.europa.eu/safety-gate-alerts/screen/webReport/alertDetail/10000702
9190209,2,,,2021340,2021-06-01,A12/00888/21,18/06/2021,Germany,https://ec.europa.eu/safety-gate-alerts/screen/webReport/alertDetail/10003945
919A,2,24V344,2024-05-15,2024275,2024-05-15,,,,
91B3,2,24V875,2024-11-20,2024707,2024-11-20,,,,
91DV,2,22V514,2022-07-20,2022382,2022-07-20,,,,
91DZ,2,22V742,2022-10-05,2022565,2022-10-05,,,,
91EI,2,22V806,2022-10-26,2022611,2022-10-26,,,,
91EN,2,22V831,2022-11-09,2022642,2022-11-09,,,,
91NF,2,26V321,2026-05-20,2026242,2026-05-20,,,,
91SB,2,25V334,2025-05-21,2025089,2025-02-19,,,,
91TV,2,26V473,2026-07-22,2026357,2026-07-22,,,,
91US,2,24V480,2024-06-27,2024365,2024-06-27,,,,
9216B,2,16V064,2016-02-03,2016049,2016-02-01,,,,
9291002,2,,,2025119,2025-03-07,SR/02886/25,08/08/2025,Germany,https://ec.europa.eu/safety-gate-alerts/screen/webReport/alertDetail/10095469
9295001,2,,,2020253,2020-06-09,A12/01105/20,31/07/2020,Germany,https://ec.europa.eu/safety-gate-alerts/screen/webReport/alertDetail/10001712
931B,2,,,2024573,2024-09-30,SR/00295/25,24/01/2025,Germany,https://ec.europa.eu/safety-gate-alerts/screen/webReport/alertDetail/10092687
9391001,2,,,2022551,2022-09-29,A12/01743/22,09/12/2022,Germany,https://ec.europa.eu/safety-gate-alerts/screen/webReport/alertDetail/10007278
93AA,2,25V080,2025-02-12,2024723,2024-11-27,,,,
93EA,2,26V030,2026-01-21,2026017,2026-01-21,,,,
93EV,2,25V836,2025-12-03,2025669,2025-12-03,,,,
93EW,2,26V028,2026-01-21,2026018,2026-01-21,,,,
93T7,2,23V613,2023-09-01,2023492,2023-09-01,,,,
93VM,2,24V229,2024-03-22,,,A12/01589/24,21/06/2024,Germany,https://ec.europa.eu/safety-gate-alerts/screen/webReport/alertDetail/10013374
93VN,3,24V228,2024-03-22,2024189,2024-03-22,A12/01575/24,14/06/2024,Germany,https://ec.europa.eu/safety-gate-alerts/screen/webReport/alertDetail/10013376
941L,2,24V361,2024-05-22,2024287,2024-05-22,,,,
9716H,2,16V593,2016-08-11,2016394,2016-08-10,,,,
97CB,2,16V642,2016-09-06,2016427,2016-09-02,,,,
97HA,2,22V956,2022-12-29,,,A12/00885/24,12/04/2024,Poland,https://ec.europa.eu/safety-gate-alerts/screen/webReport/alertDetail/10012613
97TC,2,26V138,2026-03-11,2026110,2026-03-11,,,,
97TH,2,26V258,2026-04-22,2026202,2026-04-22,,,,
97ZZ,2,23V040,2023-02-01,2023034,2023-02-01,,,,
9816H,2,16V594,2016-08-11,2016395,2016-08-10,,,,
9901286,2,16V120,2016-02-29,2016088,2016-02-22,,,,
9901291,2,16V158,2016-03-17,2016140,2016-03-31,,,,
9901293,2,16V195,2016-04-07,2016146,2016-04-05,,,,
9901295,2,16V230,2016-04-20,2016201,2016-05-05,,,,
9901298,2,16V304,2016-05-16,2016206,2016-05-10,,,,
9901308,2,16V560,2016-07-27,2016380,2016-07-28,,,,
9901326,2,16V748,2016-10-17,2016560,2016-11-09,,,,
9901577,2,22V301,2022-05-05,2022236,2022-05-06,,,,
9901578,2,22V571,2022-08-04,2022424,2022-08-04,,,,
9901579,2,22V659,2022-08-31,2022491,2022-09-01,,,,
9901582,2,22V773,2022-10-14,2022586,2022-10-14,,,,
9901596,2,23V752,2023-11-09,2023604,2023-11-09,,,,
9901609,2,24V435,2024-06-13,2024336,2024-06-13,,,,
9901615,2,24V831,2024-11-07,2024671,2024-11-05,,,,
9901617,2,25V043,2025-01-30,2025039,2025-01-30,,,,
9901636,2,25V528,2025-08-14,2025422,2025-08-14,,,,
9901639,2,25V675,2025-10-09,2025542,2025-10-09,,,,
9901660,2,26V426,2026-07-02,2026322,2026-06-30,,,,
9901665,2,26V518,2026-08-06,2026385,2026-08-06,,,,
9902221,2,14V578,2014-09-22,2014419,2014-09-24,,,,
9902246,2,15V495,2015-08-06,2015360,2015-08-10,,,,
9902258,2,15V638,2015-10-09,2015540,2015-11-16,,,,
9902261,2,15V669,2015-10-16,2015548,2015-11-19,,,,
9902266,2,15V692,2015-10-23,2015574,2015-11-30,,,,
9902292,2,16V180,2016-03-30,2016136,2016-03-29,,,,
9902577,2,22V302,2022-05-05,2022234,2022-05-06,,,,
9902578,2,22V572,2022-08-04,2022425,2022-08-04,,,,
9902582,2,22V774,2022-10-14,2022587,2022-10-14,,,,
9902606,2,24V300,2024-04-29,2024250,2024-04-29,,,,
9902624,2,25V207,2025-04-03,2025171,2025-04-03,,,,
9902634,2,25V377,2025-06-05,2025308,2025-06-05,,,,
9903273,2,15V848,2015-12-17,2016007,2016-01-06,,,,
9903275,2,15V877,2015-12-23,2016017,2016-01-13,,,,
9903310,2,16V561,2016-07-27,2016385,2016-08-03,,,,
9903318,2,16V568,2016-08-01,2016386,2016-08-03,,,,
9903329,2,16V761,2016-10-20,2016538,2016-11-01,,,,
9903340,2,16V905,2016-12-15,2017004,2017-01-04,,,,
9903578,2,22V575,2022-08-04,2022426,2022-08-04,,,,
9903580,2,22V665,2022-09-01,2022494,2022-09-01,,,,
9903584,2,23V091,2023-02-16,2023071,2023-02-16,,,,
9903586,2,23V404,2023-06-05,2023327,2023-06-05,,,,
9903601,2,24V055,2024-01-31,2024053,2024-01-31,,,,
9903602,2,24V061,2024-02-01,2024058,2024-02-01,,,,
9903603,2,24V160,2024-02-29,2024141,2024-02-29,,,,
9903607,2,24V309,2024-05-01,2024256,2024-05-01,,,,
9903611,2,24V577,2024-08-01,2024442,2024-08-01,,,,
9903619,2,25V072,2025-02-07,2025057,2025-02-07,,,,
9903642,2,25V743,2025-10-30,2025596,2025-10-30,,,,
9903656,2,26V360,2026-06-03,2026268,2026-06-03,,,,
9903657,2,26V361,2026-06-03,2026269,2026-06-03,,,,
9904242,2,15V304,2015-05-22,2015202,2015-05-14,,,,
9904277,2,16V058,2016-02-02,2016056,2016-02-04,,,,
9904333,2,16V818,2016-11-14,2016581,2016-11-18,,,,
9904577,2,22V303,2022-05-05,2022235,2022-05-06,,,,
9904578,2,22V573,2022-08-04,2022427,2022-08-04,,,,
9904582,2,22V775,2022-10-14,2022588,2022-10-14,,,,
9904606,2,24V299,2024-04-29,2024251,2024-04-29,,,,
9905661,2,26V427,2026-07-02,2026323,2026-07-02,,,,
82970148297015,2,,,2025213,2025-04-17,SR/02431/25,04/07/2025,Germany,https://ec.europa.eu/safety-gate-alerts/screen/webReport/alertDetail/10095007
91931119193112,2,,,2021431,2021-07-13,A12/01361/21,01/10/2021,Germany,https://ec.europa.eu/safety-gate-alerts/screen/webReport/alertDetail/10004403
9916H,2,16V644,2016-09-06,2016431,2016-09-06,,,,
A2001,2,,,2020169,2020-04-17,A12/00697/20,08/05/2020,United Kingdom,https://ec.europa.eu/safety-gate-alerts/screen/webReport/alertDetail/10001191
A2104,2,,,2021331,2021-05-27,A12/00218/22,04/02/2022,Poland,https://ec.europa.eu/safety-gate-alerts/screen/webReport/alertDetail/10005421
A2203,2,,,2022641,2022-11-08,A12/00875/23,21/04/2023,Germany,https://ec.europa.eu/safety-gate-alerts/screen/webReport/alertDetail/10008212
A2204,2,,,2022646,2022-11-10,A12/00519/23,17/03/2023,Germany,https://ec.europa.eu/safety-gate-alerts/screen/webReport/alertDetail/10007726
A222359300,2,22V640,2022-08-25,2022477,2022-08-25,,,,
A232424320,2,23V744,2023-11-06,2023599,2023-11-06,,,,
A232424660,2,24V133,2024-02-22,2024114,2024-02-22,,,,
A2404,2,,,2024400,2024-07-09,A12/02762/24,04/10/2024,Germany,https://ec.europa.eu/safety-gate-alerts/screen/webReport/alertDetail/10014347
A252516680,2,25V819,2025-11-25,2025654,2025-11-25,,,,
ACTT1601,2,16V599,2016-08-15,2016401,2016-08-11,,,,
ACX1502,2,15V289,2015-05-18,2015284,2015-06-25,,,,
ACX1503,2,15V280,2015-05-13,2015254,2015-06-09,,,,
ACX1504,2,15V443,2015-07-10,2015309,2015-07-14,,,,
ACX1505,2,15V648,2015-10-13,2015472,2015-10-15,,,,
ACX1601,2,16V028,2016-01-22,2016030,2016-01-22,,,,
ACX1604,2,16V720,2016-10-07,2016497,2016-10-11,,,,
ACX1606,2,16V855,2016-11-28,2016600,2016-12-01,,,,
AE03,2,14V457,2014-07-28,2014319,2014-07-29,,,,
AF05,2,15V335,2015-06-01,2015217,2015-05-21,,,,
AF06,2,15V717,2015-10-30,2015514,2015-10-29,,,,
AG02,2,16V169,2016-03-23,2016131,2016-03-23,,,,
AG04,2,16V520,2016-07-08,2016357,2016-07-08,,,,
AG06,2,16V680,2016-09-20,2016457,2016-09-19,,,,
AG09,2,16V885,2016-12-09,2016611,2016-12-07,,,,
AG10,2,16V946,2016-12-30,2016654,2016-12-22,,,,
AH01,2,17E007,2017-01-25,2017041,2017-01-25,,,,
AKC1,2,,,2019622,2019-12-11,A12/00217/20,21/02/2020,Germany,https://ec.europa.eu/safety-gate-alerts/screen/webReport/alertDetail/10000647
ALA2,2,,,2020054,2020-02-13,A12/01402/21,08/10/2021,France,https://ec.europa.eu/safety-gate-alerts/screen/webReport/alertDetail/10004455
ALA4,2,,,2020210,2020-05-13,A12/01095/20,31/07/2020,Germany,https://ec.europa.eu/safety-gate-alerts/screen/webReport/alertDetail/10001710
AMA2,2,,,2021113,2021-03-04,A11/00081/21,01/10/2021,France,https://ec.europa.eu/safety-gate-alerts/screen/webReport/alertDetail/10004460
AMA9,2,,,2021236,2021-04-21,INFO/00140/21,16/07/2021,Germany,https://ec.europa.eu/safety-gate-alerts/screen/webReport/alertDetail/10004123
AMB2,2,,,2021294,2021-05-17,A12/00887/21,18/06/2021,Germany,https://ec.europa.eu/safety-gate-alerts/screen/webReport/alertDetail/10003939
AMB4,2,,,2021403,2021-06-30,A12/01193/21,13/08/2021,France,https://ec.europa.eu/safety-gate-alerts/screen/webReport/alertDetail/10004263
AMB7,2,,,2021539,2021-09-01,A12/01387/21,01/10/2021,France,https://ec.europa.eu/safety-gate-alerts/screen/webReport/alertDetail/10004503
ANA1,2,,,2022033,2022-01-31,A12/00554/22,08/04/2022,Germany,https://ec.europa.eu/safety-gate-alerts/screen/webReport/alertDetail/10005645
ANA5,2,22V278,2022-04-26,2022211,2022-04-26,,,,
ANA6,2,22V404,2022-06-08,2022299,2022-06-08,,,,
ANB4,2,22V656,2022-08-30,2022487,2022-08-31,,,,
ANB6,2,22V803,2022-10-25,,,A12/01706/22,02/12/2022,Germany,https://ec.europa.eu/safety-gate-alerts/screen/webReport/alertDetail/10007230
ANB7,2,22V897,2022-12-06,,,A12/00061/23,13/01/2023,Germany,https://ec.europa.eu/safety-gate-alerts/screen/webReport/alertDetail/10007535
APA1,3,23V033,2023-01-27,2023024,2023-01-26,A12/01590/23,07/07/2023,Germany,https://ec.europa.eu/safety-gate-alerts/screen/webReport/alertDetail/10009642
APA2,2,23V176,2023-03-17,2023145,2023-03-17,,,,
APA3,3,23V241,2023-04-05,2023205,2023-04-05,A12/01065/23,12/05/2023,Germany,https://ec.europa.eu/safety-gate-alerts/screen/webReport/alertDetail/10008969
APA4,2,23V313,2023-05-03,,,A12/01415/23,23/06/2023,Germany,https://ec.europa.eu/safety-gate-alerts/screen/webReport/alertDetail/10009484
APA8,2,23V446,2023-06-26,2023362,2023-06-28,,,,
APA9,3,23V443,2023-06-26,2023361,2023-06-27,A12/01682/23,21/07/2023,Germany,https://ec.europa.eu/safety-gate-alerts/screen/webReport/alertDetail/10009750
APB1,2,23V527,2023-07-27,2023419,2023-07-31,,,,
APB2,2,23V615,2023-09-01,2023493,2023-09-01,,,,
APB3,3,23V715,2023-10-25,2023571,2023-10-25,A12/00024/24,12/01/2024,Germany,https://ec.europa.eu/safety-gate-alerts/screen/webReport/alertDetail/10011395
APB4,3,23V813,2023-12-04,2023643,2023-12-05,A12/00189/24,01/02/2024,Germany,https://ec.europa.eu/safety-gate-alerts/screen/webReport/alertDetail/10011678
APB5,3,23V840,2023-12-13,2023661,2023-12-13,A12/00439/24,01/03/2024,Germany,https://ec.europa.eu/safety-gate-alerts/screen/webReport/alertDetail/10012037
APB6,2,23V841,2023-12-13,2023662,2023-12-13,,,,
ARA2,2,24V123,2024-02-20,2024107,2024-02-20,,,,
ARA3,3,24V155,2024-02-28,2024128,2024-02-27,A12/01256/24,17/05/2024,Germany,https://ec.europa.eu/safety-gate-alerts/screen/webReport/alertDetail/10013009
ARA4,3,24V215,2024-03-20,2024180,2024-03-20,A12/00997/24,26/04/2024,Germany,https://ec.europa.eu/safety-gate-alerts/screen/webReport/alertDetail/10012844
ARA5,3,24V217,2024-03-20,2024181,2024-03-20,A12/01254/24,17/05/2024,Germany,https://ec.europa.eu/safety-gate-alerts/screen/webReport/alertDetail/10012841
ARB0,2,24V455,2024-06-19,2024353,2024-06-19,,,,
ARB2,3,24V533,2024-07-16,2024408,2024-07-17,SR/00266/25,24/01/2025,Germany,https://ec.europa.eu/safety-gate-alerts/screen/webReport/alertDetail/10092712
ARB5,3,24V731,2024-10-01,2024583,2024-10-02,SR/00297/25,24/01/2025,Germany,https://ec.europa.eu/safety-gate-alerts/screen/webReport/alertDetail/10092671
ARB8,2,24V730,2024-10-01,2024577,2024-10-01,,,,
ARC4,3,24V809,2024-10-28,2024646,2024-10-28,A12/03530/24,13/12/2024,Germany,https://ec.europa.eu/safety-gate-alerts/screen/webReport/alertDetail/10092419
ARC5,2,24V889,2024-11-25,2024722,2024-11-26,,,,
ASA0,3,25V078,2025-02-12,2025067,2025-02-12,SR/00958/25,14/03/2025,Germany,https://ec.europa.eu/safety-gate-alerts/screen/webReport/alertDetail/10093548
ASA1,2,25V079,2025-02-12,2025068,2025-02-12,,,,
ASA2,2,25V221,2025-05-05,2025181,2025-04-09,,,,
ASA3,2,25V220,2025-04-08,2025182,2025-04-09,,,,
ASA6,3,25V415,2025-07-15,2025337,2025-06-18,SR/03042/25,22/08/2025,Germany,https://ec.europa.eu/safety-gate-alerts/screen/webReport/alertDetail/10095640
ASA9,3,25V634,2025-09-23,2025498,2025-09-23,SR/04432/25,19/12/2025,Germany,https://ec.europa.eu/safety-gate-alerts/screen/webReport/alertDetail/10097092
ASB2,2,25V896,2025-12-19,2025716,2025-12-19,,,,
BUGCR025,2,,,2021789,2021-12-23,A12/00176/22,28/01/2022,Germany,https://ec.europa.eu/safety-gate-alerts/screen/webReport/alertDetail/10005384
BUGCR036,2,24V096,2024-02-09,2024120,2024-02-23,,,,
C1007010,2,14V605,2014-09-29,2014438,2014-10-07,,,,
C1008010,2,15V504,2015-08-11,2015357,2015-08-06,,,,
C1008210,2,15V850,2015-12-18,2015597,2015-12-18,,,,
C1008310,2,16V116,2016-02-29,2016094,2016-02-25,,,,
C10136,2,26V126,2026-03-05,2026132,2026-03-19,,,,
C10138,2,25V462,2025-07-10,2025371,2025-07-10,,,,
C1545,2,14E051,2014-07-29,2014454,2014-10-15,,,,
C5807,2,24V934,2024-12-17,2024762,2024-12-17,,,,
C7111,2,25E004,2025-01-17,2025045,2025-02-03,,,,
CA000051,2,24V092,2024-02-08,2024004,2024-01-09,,,,
CA000054,2,24V385,,2024291,2024-05-23,,,,
CAM0000023,2,22V309,2022-05-06,2022256,2022-05-17,,,,
CAM0000029,2,23V270,2023-04-14,2023226,2023-04-17,,,,
CAM0000030,2,23V311,2023-05-03,2023265,2023-05-04,,,,
CAM0000031,2,23V745,2023-11-06,2023598,2023-11-06,,,,
CAM0000033,2,23V891,2023-12-22,2023699,2023-12-22,,,,
CAM0000034,2,24V046,2024-01-26,2024049,2024-01-30,,,,
CAM0000035,2,24V285,2024-04-23,2024239,2024-04-23,,,,
CAM0000036,2,24V247,2024-04-03,2024208,2024-04-03,,,,
CAM0000037,2,24V617,2024-08-16,2024480,2024-08-16,,,,
CAM0000038,2,24V618,2024-08-16,2024479,2024-08-16,,,,
CAM0000039,2,24V687,2024-09-13,2024522,2024-09-13,,,,
CAM0000040,2,24V845,2024-11-08,2024686,2024-11-08,,,,
CAM0000041,2,25V029,2025-01-23,2025025,2025-01-23,,,,
CAM0000042,2,25V180,2025-03-21,2025149,2025-03-21,,,,
CAM0000043,2,25V408,2025-07-15,2025334,2025-06-17,,,,
CAM0000044,2,25V673,2025-10-08,2025537,2025-10-08,,,,
CAM0000045,2,25V701,2025-10-15,2025561,2025-10-15,,,,
CAM0000046,2,25V776,2025-11-12,2025620,2025-11-12,,,,
CR1247R1,2,15V072,2015-02-06,2015064,2015-02-11,,,,
CR1261,2,15V073,2015-02-09,2015063,2015-02-11,,,,
CR1287,2,15V074,2015-02-09,2015062,2015-02-11,,,,
CR1300,2,15V075,2015-02-09,2008133,2008-04-24,,,,
CR1314,2,15V076,2015-02-09,2008215,2008-06-19,,,,
CR1332,2,15V077,2015-02-09,2009050,2009-02-20,,,,
CR1366,2,15V078,2015-02-09,2009200,2009-07-07,,,,
CR1430,2,15V079,2015-02-09,2009302,2009-10-19,,,,
CR285,2,25V013,2025-01-24,2025030,2025-01-21,,,,
CR3200,2,14V380,2014-06-30,2014262,2014-07-02,,,,
CR3201,2,14V381,2014-06-30,2014263,2014-06-27,,,,
CR3280,2,14V769,2014-12-03,2014545,2014-12-03,,,,
CR3405,2,15V350,2015-06-05,2015241,2015-05-29,,,,
CR3601,2,16V135,2016-03-04,2016104,2016-03-03,,,,
CR5259,2,22V416,2022-06-13,2022310,2022-06-13,,,,
CR5342,2,22V845,2022-11-15,2022649,2022-11-15,,,,
CR5442,2,23V482,2023-07-12,2023387,2023-07-12,,,,
CR5507,2,23V762,2023-11-11,2023610,2023-11-14,,,,
CR5512,2,23V781,2023-11-21,2023622,2023-11-21,,,,
CR5537,2,23V866,2023-12-20,2023682,2023-12-20,,,,
CR5546,2,24V033,2024-01-19,2024034,2024-01-24,,,,
CR5595,2,24V328,2024-05-10,2024267,2024-05-10,,,,
CR5605,2,24V421,2024-06-07,2024330,2024-06-07,,,,
CR5615,2,24V519,2024-07-08,2024416,2024-07-19,,,,
CR5635,2,24V647,2024-11-05,2024499,2024-09-03,,,,
CR5637,2,24V657,2024-09-09,2024506,2024-09-09,,,,
CR5643,2,24V727,2024-09-30,2024572,2024-09-30,,,,
CR5805,2,25V696,2025-10-14,2025555,2025-10-14,,,,
CR5873,2,26V182,2026-03-24,2026137,2026-03-24,,,,
CR5882,2,26V275,,2026220,2026-04-30,,,,
CR5884,2,26V300,,2026228,2026-05-12,,,,
CSN3017,2,22V613,2022-08-10,2022473,2022-08-19,,,,
CSN3142,2,24V362,2024-05-23,2024048,2024-01-30,,,,
CSN3185,2,24V681,2024-09-12,2024617,2024-10-18,,,,
CSN3194,2,24V821,2024-10-31,2024697,2024-11-15,,,,
CSN3199,2,24V881,2024-11-21,2024740,2024-12-05,,,,
CSN3206,2,24V952,2024-12-20,2025001,2025-01-03,,,,
CSN3226,2,25V288,2025-05-02,2025251,2025-05-08,,,,
CSN3229,2,25V400,2025-06-13,2025353,2025-06-24,,,,
CSN3246,2,25V562,2025-08-29,2025558,2025-10-15,,,,
CSN3294,2,26V150,2026-03-13,2026176,2026-04-09,,,,
CSN3322,2,26V310,,2026270,2026-06-03,,,,
CSN3349,2,26V457,,2026400,2026-08-19,,,,
D053,2,25V645,2025-09-25,2025509,2025-09-25,,,,
D095,2,26V097,2026-02-19,2026074,2026-02-19,,,,
D105,2,26V297,2026-05-12,2026227,2026-05-12,,,,
D120,3,26V389,2026-06-12,2026292,2026-06-12,SR/02126/26,31/07/2026,Germany,https://ec.europa.eu/safety-gate-alerts/screen/webReport/alertDetail/10106697
D127,2,26V263,2026-04-23,2026206,2026-04-23,,,,
D145,2,26V458,,2026345,2026-07-16,,,,
D24R6,2,24V402,2024-06-04,2024315,2024-06-04,,,,
D25R2,2,25V604,2025-09-11,2025478,2025-09-11,,,,
F1002,2,24V393,2024-06-03,2024310,2024-05-31,,,,
F1004,2,24V478,2024-06-26,2024366,2024-06-26,,,,
F1007,2,24V571,2024-08-01,2024438,2024-07-31,,,,
F1009,2,24V668,2024-09-10,2024510,2024-09-10,,,,
F1010,2,24V736,2024-10-01,2024580,2024-10-01,,,,
F1016,2,25V038,2025-01-28,2025092,2025-02-20,,,,
F1017,2,25V046,2025-03-12,2025040,2025-01-30,,,,
F1018,2,25V187,2025-03-25,2025154,2025-03-25,,,,
F1020,2,25V326,2025-06-23,2025269,2025-05-19,,,,
F1023,2,25V602,2025-09-11,2025479,2025-09-11,,,,
F1027,2,26V029,2026-01-21,2025610,2025-11-04,,,,
F1028,2,25V850,2025-12-09,2025678,2025-12-09,,,,
F1029,2,26V079,2026-02-11,2026054,2026-02-11,,,,
F1030,2,26V087,2026-02-13,2026065,2026-02-13,,,,
F1031,2,26V109,2026-02-24,2026083,2026-02-24,,,,
F1032,2,26V228,2026-04-09,2026182,2026-04-09,,,,
F1035,2,26V408,,2026312,2026-06-26,,,,
F1036,2,26V475,,2026358,2026-07-22,,,,
F1037,2,26V523,,2026389,2026-08-10,,,,
FL655,2,13V605,2013-11-29,2013423,2013-11-27,,,,
FL660,2,14V079,2014-02-21,2014050,2014-02-21,,,,
FL664,2,14V566,2014-09-17,2015482,2015-10-16,,,,
FL667,2,14V591,2014-09-23,2014428,2014-09-30,,,,
FL668,2,14V588,2014-09-23,2014424,2014-09-30,,,,
FL670,2,14V659,2014-10-21,2014471,2014-10-22,,,,
FL671,2,14V680,2014-10-29,2014547,2014-12-03,,,,
FL672,2,14V681,2014-10-29,2014483,2014-10-29,,,,
FL673,2,14V717,2014-11-10,2014507,2014-11-06,,,,
FL675,2,14V759,2014-11-28,2014549,2014-12-03,,,,
FL676,2,14V758,2014-11-28,2014548,2014-12-03,,,,
FL677,2,15V094,2015-02-19,2015068,2015-02-16,,,,
FL679,2,15V127,2015-03-04,2015113,2015-03-16,,,,
FL680,2,15V182,2015-03-27,2015133,2015-03-25,,,,
FL681,2,15V343,2015-06-03,2015335,2015-07-24,,,,
FL684,2,15V361,2015-06-10,2015257,2015-06-10,,,,
FL685,2,15V425,2015-07-06,2015290,2015-06-29,,,,
FL686,2,15V564,2015-09-04,2015394,2015-09-08,,,,
FL688,2,15V586,2015-09-22,2015407,2015-09-15,,,,
FL690,2,15V620,2015-10-02,2015484,2015-10-16,,,,
FL691,2,15V613,2015-09-30,2015485,2015-10-16,,,,
FL692,2,15V616,2015-10-01,2015486,2015-10-16,,,,
FL697,2,15V842,2015-12-15,2016015,2016-01-13,,,,
FL698,2,15V843,2015-12-15,2016016,2016-01-13,,,,
FL699,2,15V859,2015-12-22,2015603,2015-12-18,,,,
FL700,2,16V080,2016-02-10,2016063,2016-02-09,,,,
FL707,2,16V208,2016-04-12,2016204,2016-05-09,,,,
FL708,2,16V323,2016-05-19,2016222,2016-05-13,,,,
FL709,2,16V325,2016-05-19,2016224,2016-05-13,,,,
FL711,2,16V321,2016-05-18,2016316,2016-06-21,,,,
FL712,2,16V366,2016-05-26,2016313,2016-06-20,,,,
FL713,2,16V395,2016-06-02,2016269,2016-06-01,,,,
FL714,2,16V418,2016-06-09,2016284,2016-06-06,,,,
FL715,2,16V416,2016-06-09,2016285,2016-06-06,,,,
FL716,2,16V629,2016-08-31,2016418,2016-08-30,,,,
FL718,2,16V634,2016-08-31,2016419,2016-08-30,,,,
FL721,2,16V656,2016-09-13,2016441,2016-09-09,,,,
FL722,2,16V658,2016-09-13,2016442,2016-09-09,,,,
FL723,2,16V654,2016-09-12,2016480,2016-09-30,,,,
FL725,2,16V711,2016-10-05,2016483,2016-10-04,,,,
FL726,2,16V707,2016-10-04,2016484,2016-10-04,,,,
FL727,2,16V809,2016-11-07,2016559,2016-11-09,,,,
FL728,2,16V824,2016-11-15,2016608,2016-12-06,,,,
FL729,2,16V880,2016-12-07,2016605,2016-12-05,,,,
FL843,2,22V634,2022-08-19,2019641,2019-12-17,,,,
FL851,2,23V208,2023-03-28,2023280,2023-05-11,,,,
FL918,2,24V555,2024-07-24,2024423,2024-07-24,,,,
FL925,2,22V227,2022-04-07,2022171,2022-04-07,,,,
FL926,2,22V230,2022-04-08,2022172,2022-04-08,,,,
FL935,2,22V379,2022-05-26,2022276,2022-05-26,,,,
FL937,2,22V394,2022-06-03,2022288,2022-06-03,,,,
FL938,2,22V405,2022-06-08,2022300,2022-06-08,,,,
FL942,2,22V439,2022-06-20,2022340,2022-06-27,,,,
FL951,2,22V654,2022-08-29,2022483,2022-08-29,,,,
FL952,2,22V681,2022-09-12,2022513,2022-09-12,,,,
FL955,2,22V722,2022-09-28,2022546,2022-09-28,,,,
FL957,2,22V762,2022-10-12,2022577,2022-10-12,,,,
FL958,2,22V817,2022-11-01,2022626,2022-11-01,,,,
FL962,2,22V919,2022-12-12,2022715,2022-12-12,,,,
FL964,2,23V063,2023-02-09,2023046,2023-02-09,,,,
FL966,2,23V073,2023-02-10,2023051,2023-02-10,,,,
FL967,2,23V105,2023-02-20,2023083,2023-02-20,,,,
FL969,2,23V237,2023-04-04,2023202,2023-04-04,,,,
FL970,2,23V259,2023-04-07,2023206,2023-04-05,,,,
FL971,2,23V299,2023-04-26,2023256,2023-04-27,,,,
FL972,2,23V330,2023-05-08,2023274,2023-05-08,,,,
FL973,2,23V333,2023-05-09,2023276,2023-05-09,,,,
FL980,2,23V537,2023-08-01,2023420,2023-08-01,,,,
FL982,2,23V670,2023-10-03,2023539,2023-10-04,,,,
FL986,2,23V843,2023-12-13,2023660,2023-12-13,,,,
FL987,2,23V879,2023-12-21,2024039,2024-01-24,,,,
FL991,2,23V895,2023-12-22,2023703,2023-12-22,,,,
FL992,2,24V013,2024-01-10,2024006,2024-01-10,,,,
FSAM1445,2,24V367,2024-05-23,2024292,2024-05-24,,,,
FSAM1552,2,24V827,2024-11-01,2024672,2024-11-04,,,,
FSAM1693,2,25V387,2025-06-11,2025314,2025-06-11,,,,
FSAM1794,2,26V003,2026-01-05,2026002,2026-01-05,,,,
FSAM1795,2,26V009,2026-01-15,2026009,2026-01-15,,,,
FSB0323,2,23V817,2023-12-05,2023572,2023-10-26,,,,
FSB0524,2,24V709,2024-09-24,2024558,2024-09-24,,,,
H404,2,22V525,2022-07-21,2022393,2022-07-21,,,,
H412,3,22V524,2022-07-21,2022391,2022-07-21,A12/01257/22,02/09/2022,France,https://ec.europa.eu/safety-gate-alerts/screen/webReport/alertDetail/10006652
H441,3,23V369,2023-05-25,2023302,2023-05-25,A12/01545/23,07/07/2023,Poland,https://ec.europa.eu/safety-gate-alerts/screen/webReport/alertDetail/10009622
H445,2,23V501,2023-07-20,2023401,2023-07-20,,,,
H448,2,23V518,2023-07-27,2023413,2023-07-27,,,,
H459,3,23V709,2023-10-19,2023564,2023-10-19,A12/02867/23,24/11/2023,Poland,https://ec.europa.eu/safety-gate-alerts/screen/webReport/alertDetail/10011000
H471,3,24V085,2024-02-08,2024073,2024-02-08,A12/01635/24,21/06/2024,Germany,https://ec.europa.eu/safety-gate-alerts/screen/webReport/alertDetail/10013438
H475,2,24V134,2024-02-22,2024112,2024-02-22,,,,
H481,2,24V201,2024-03-14,2024167,2024-03-14,,,,
H484,3,24V183,2024-03-07,2024152,2024-03-07,A12/00907/24,12/04/2024,Poland,https://ec.europa.eu/safety-gate-alerts/screen/webReport/alertDetail/10012614
H491,3,24V278,2024-04-18,2024231,2024-04-18,A12/02472/24,30/08/2024,Sweden,https://ec.europa.eu/safety-gate-alerts/screen/webReport/alertDetail/10014061
H506,2,24V451,2024-06-24,,,A12/01915/24,19/07/2024,Germany,https://ec.europa.eu/safety-gate-alerts/screen/webReport/alertDetail/10013816
H516,2,24V677,2024-09-12,2024515,2024-09-12,,,,
H520,2,24E084,2024-10-10,2024600,2024-10-10,,,,
H535,2,25V017,2025-01-16,2025016,2025-01-16,,,,
H552,3,25V466,2025-07-11,2025375,2025-07-11,SR/04434/25,19/12/2025,Germany,https://ec.europa.eu/safety-gate-alerts/screen/webReport/alertDetail/10097081
I1504,2,15V721,2015-11-02,2015526,2015-11-05,,,,
I1602,2,16V446,2016-06-17,2016327,2016-06-27,,,,
I1603,2,16V877,2016-12-06,2016616,2016-12-12,,,,
I1902,2,22V635,2022-08-19,2019252,2019-05-28,,,,
I2002,2,,,2020138,2020-04-01,A12/00623/20,24/04/2020,United Kingdom,https://ec.europa.eu/safety-gate-alerts/screen/webReport/alertDetail/10001107
I2204,3,22V636,2022-08-23,2022479,2022-08-23,A12/00551/23,17/03/2023,Germany,https://ec.europa.eu/safety-gate-alerts/screen/webReport/alertDetail/10008091
I2206,2,22V837,2022-11-11,2022645,2022-11-11,,,,
I2301,2,22V957,2022-12-29,2022747,2022-12-29,,,,
I2307,2,23V829,2023-12-07,2023650,2023-12-07,,,,
I2407,3,24V550,2024-07-23,2024420,2024-07-23,SR/02878/25,08/08/2025,Germany,https://ec.europa.eu/safety-gate-alerts/screen/webReport/alertDetail/10095480
I2411,2,24V970,2024-12-23,2024783,2024-12-23,,,,
I2501,2,25V108,2025-02-20,2025088,2025-02-20,,,,
I2601,2,26V397,,2026305,2026-06-19,,,,
IK3350,2,16V486,2016-06-27,2016331,2016-06-28,,,,
IK4837,2,26V379,2026-06-09,2026277,2026-06-09,,,,
J036,2,14V291,2014-06-02,2014201,2014-06-04,,,,
J037,2,14V157,2014-03-31,2014105,2014-04-01,,,,
J040,2,14V292,2014-06-02,2014202,2014-06-04,,,,
J041,2,14V389,2014-07-01,2014267,2014-07-02,,,,
J042,2,14V390,2014-07-01,2014269,2014-07-02,,,,
J044,2,14V673,2014-10-27,2014486,2014-10-30,,,,
J047,2,14V714,2014-11-07,2014515,2014-11-12,,,,
J048,2,14V741,2014-11-19,2014534,2014-11-26,,,,
J049,2,15V038,2015-01-27,2015026,2015-01-26,,,,
J050,2,15V037,2015-01-27,2015027,2015-01-26,,,,
J059,2,16V187,2016-04-04,2016141,2016-03-31,,,,
J076,2,16V789,2016-10-28,2016531,2016-10-27,,,,
J077,2,16V796,2016-11-01,2016532,2016-10-27,,,,
J080,2,16V943,2016-12-29,2016650,2016-12-22,,,,
J081,2,16V940,2016-12-28,2016651,2016-12-22,,,,
KTB2211,2,22V900,2022-12-06,2022697,2022-12-08,,,,
KZ202202,2,22V289,2022-05-02,2022233,2022-05-05,,,,
KZ202204,2,22V552,2022-07-29,2022411,2022-07-29,,,,
KZ202205,2,22V756,2022-10-09,2022585,2022-10-14,,,,
KZ202601,2,26V322,2026-05-20,2026247,2026-05-20,,,,
L1502,2,15V820,2015-12-07,2015595,2015-12-17,,,,
L1601,2,16V884,2016-12-08,2016659,2016-12-29,,,,
L636R0125,2,,,2025504,2025-09-24,SR/00299/26,06/02/2026,Germany,https://ec.europa.eu/safety-gate-alerts/screen/webReport/alertDetail/10097566
L74XR0125,2,,,2025388,2025-07-23,SR/03021/25,22/08/2025,Germany,https://ec.europa.eu/safety-gate-alerts/screen/webReport/alertDetail/10095635
M1401,2,14V133,2014-03-19,2014129,2014-04-10,,,,
M1408,2,14V397,2014-07-02,2014394,2014-09-15,,,,
M910059,2,26V276,2026-04-30,2026210,2026-04-28,,,,
M910063,2,26V446,2026-07-10,2026336,2026-07-10,,,,
MC1510,2,15V550,2015-09-01,2015405,2015-09-15,,,,
MC1603,2,16V102,2016-02-23,2016555,2016-11-09,,,,
MDTT1601,2,16V319,2016-05-18,2016235,2016-05-17,,,,
MDTT1602,2,16V723,2016-10-07,2016504,2016-10-13,,,,
N212356050,2,22V359,2022-05-19,2022262,2022-05-19,,,,
N222364330,2,22V427,2022-06-16,2022319,2022-06-16,,,,
N222366070,2,22V446,2022-06-23,2022331,2022-06-23,,,,
N222366190,2,22V246,2022-04-14,2022189,2022-04-14,,,,
N222368030,2,23V047,2023-02-02,2023040,2023-02-02,,,,
N222368110,2,22V463,2022-06-30,2022348,2022-06-30,,,,
N222368320,2,22V375,2022-05-26,2022274,2022-05-26,,,,
N222369130,2,22V392,2022-06-02,2022286,2022-06-02,,,,
N222372310,2,23V013,2023-01-19,2023013,2023-01-19,,,,
N222372380,2,22V617,2022-08-11,2022456,2022-08-11,,,,
N222377890,2,22V724,2022-09-29,2022553,2022-09-29,,,,
N222378380,2,22V709,2022-09-22,2022536,2022-09-22,,,,
N222380031,2,22V771,2022-10-13,2022589,2022-10-14,,,,
N222382220,2,22V827,2022-11-03,2022634,2022-11-03,,,,
N222386050,2,23V247,2023-04-06,2023210,2023-04-06,,,,
N222386380,2,22V903,2022-12-08,2022700,2022-12-08,,,,
N222389310,2,23V172,2023-03-16,2023142,2023-03-16,,,,
N232403240,2,23V339,2023-05-11,2023279,2023-05-11,,,,
N232404980,2,23V334,2023-05-10,2023277,2023-05-10,,,,
N232413120,2,23V516,2023-07-27,2023412,2023-07-27,,,,
N232414710,2,23V567,2023-08-10,2023446,2023-08-10,,,,
N232414720,2,23V549,2023-08-03,2023429,2023-08-03,,,,
N232419690,2,23V681,2023-10-12,2023549,2023-10-12,,,,
N232426400,2,24V060,2024-02-01,2024061,2024-02-01,,,,
N242447990,2,24V674,2024-09-12,2024519,2024-09-12,,,,
N242448540,2,24V487,2024-06-28,2024376,2024-06-28,,,,
N242451330,2,24V491,2024-06-28,2024375,2024-06-28,,,,
N242453471,3,24V589,2024-08-08,2024453,2024-08-08,A12/02866/24,18/10/2024,Germany,https://ec.europa.eu/safety-gate-alerts/screen/webReport/alertDetail/10091614
N242454440,3,24V797,2024-10-24,2024637,2024-10-24,SR/01871/26,26/06/2026,Germany,https://ec.europa.eu/safety-gate-alerts/screen/webReport/alertDetail/10099409
N242466850,2,24E066,2024-08-08,2024451,2024-08-08,,,,
N242466950,2,24V702,2024-09-19,2024543,2024-09-19,,,,
N242468880,2,24V673,2024-09-12,2024518,2024-09-12,,,,
N242469160,2,24V894,2024-11-26,2024720,2024-11-26,,,,
N242471620,2,24V839,2024-11-07,2024679,2024-11-07,,,,
N242474500,2,24V756,2024-10-10,2024595,2024-10-10,,,,
N242479760,2,24V925,2024-12-12,2024755,2024-12-12,,,,
N242480630,2,25V148,2025-03-06,2025118,2025-03-06,,,,
N242481530,2,25V012,2025-01-16,2025014,2025-01-16,,,,
N242481860,2,24V858,2024-11-14,2024693,2024-11-14,,,,
N242483530,2,24V937,2024-12-18,2024763,2024-12-18,,,,
N242490120,2,25V060,2025-02-06,2025052,2025-02-06,,,,
N242490780,2,25V087,2025-02-13,2025072,2025-02-13,,,,
N252492340,2,25V193,2025-03-27,2025159,2025-03-27,,,,
N252497020,2,25V175,2025-03-20,2025144,2025-03-20,,,,
N252500680,2,25V356,2025-05-29,2025293,2025-05-29,,,,
N252503010,2,25V433,2025-06-25,2025351,2025-06-25,,,,
N252503580,2,25V299,2025-05-08,2025250,2025-05-08,,,,
N252513060,2,25V432,2025-06-26,2025352,2025-06-25,,,,
N252514930,2,25V536,2025-08-21,2025429,2025-08-21,,,,
N252515340,2,25V594,2025-09-11,2025470,2025-09-11,,,,
N252516560,2,26V083,2026-02-12,2026060,2026-02-12,,,,
N252524530,2,25V769,2025-11-06,2025616,2025-11-06,,,,
N252525030,2,25V704,2025-10-16,2025564,2025-10-16,,,,
N252527170,2,25V639,2025-09-25,2025510,2025-09-25,,,,
N252530690,2,25V878,2025-12-18,2025697,2025-12-18,,,,
N252532020,2,25V815,2025-11-25,2025655,2025-11-26,,,,
N252532830,2,26V031,2026-01-22,2026020,2026-01-22,,,,
N252533510,2,25V856,2025-12-11,2025680,2025-12-11,,,,
N252536750,2,26V085,2026-02-13,2026061,2026-02-12,,,,
N252537580,2,26V113,2026-02-26,2026089,2026-02-26,,,,
N252541250,2,26V213,2026-04-02,2026165,2026-04-02,,,,
N252542530,2,26V082,2026-02-12,2026059,2026-02-12,,,,
N252542620,2,26V127,2026-03-05,2026104,2026-03-05,,,,
N262544420,2,26V129,2026-03-05,2026102,2026-03-05,,,,
N262549710,2,26V166,2026-03-19,2026129,2026-03-19,,,,
N262551720,2,26V212,2026-04-02,2026166,2026-04-02,,,,
N262554630,2,26V304,2026-05-14,2026232,2026-05-14,,,,
N262555780,2,26V394,2026-06-18,2026302,2026-06-18,,,,
N262555870,2,26V329,2026-05-21,2026246,2026-05-21,,,,
N262557310,2,26V325,2026-05-21,2026245,2026-05-21,,,,
N262558671,2,26V345,2026-05-28,2026260,2026-05-28,,,,
N262561970,2,26V530,,2026394,2026-08-13,,,,
N262562600,2,26V494,,2026373,2026-07-30,,,,
N400,2,,,2020533,2020-11-10,A12/01799/20,18/12/2020,United Kingdom,https://ec.europa.eu/safety-gate-alerts/screen/webReport/alertDetail/10002454
N503,2,,,2020529,2020-11-05,A12/01580/20,27/11/2020,United Kingdom,https://ec.europa.eu/safety-gate-alerts/screen/webReport/alertDetail/10002424
N607,2,,,2021381,2021-06-17,A12/01348/21,24/09/2021,France,https://ec.europa.eu/safety-gate-alerts/screen/webReport/alertDetail/10004397
N609,2,,,2021408,2021-07-01,A12/01343/21,24/09/2021,France,https://ec.europa.eu/safety-gate-alerts/screen/webReport/alertDetail/10004374
N678,2,22V219,2022-04-05,2022167,2022-04-05,,,,
N685,2,22V320,2022-05-10,,,A12/01514/22,28/10/2022,France,https://ec.europa.eu/safety-gate-alerts/screen/webReport/alertDetail/10006915
N720,3,22V523,2022-07-21,2022392,2022-07-21,A12/01258/22,02/09/2022,France,https://ec.europa.eu/safety-gate-alerts/screen/webReport/alertDetail/10006653
N763,3,23V044,2023-02-02,2023039,2023-02-02,A12/01547/23,07/07/2023,France,https://ec.europa.eu/safety-gate-alerts/screen/webReport/alertDetail/10009602
N768,3,23V137,2023-03-02,2023109,2023-03-02,A12/00931/23,28/04/2023,Poland,https://ec.europa.eu/safety-gate-alerts/screen/webReport/alertDetail/10008508
N778,2,24V023,2024-01-18,2024017,2024-01-18,,,,
N783,3,23V252,2023-04-06,2023209,2023-04-06,A12/01398/23,23/06/2023,Poland,https://ec.europa.eu/safety-gate-alerts/screen/webReport/alertDetail/10009496
N784,3,23V394,2023-06-01,2023317,2023-06-01,A12/01769/23,04/08/2023,Poland,https://ec.europa.eu/safety-gate-alerts/screen/webReport/alertDetail/10009914
N785,3,23V221,2023-03-30,2023189,2023-03-30,A12/01290/23,02/06/2023,Poland,https://ec.europa.eu/safety-gate-alerts/screen/webReport/alertDetail/10009235
N789,2,23V324,2023-05-04,2023269,2023-05-04,,,,
N798,2,23V393,2023-06-01,,,A12/02319/23,29/09/2023,France,https://ec.europa.eu/safety-gate-alerts/screen/webReport/alertDetail/10010378
N830,3,23V871,2023-12-21,2023687,2023-12-21,A12/00860/24,05/04/2024,Poland,https://ec.europa.eu/safety-gate-alerts/screen/webReport/alertDetail/10012522
N845,2,23V790,2023-11-22,,,A12/02682/24,20/09/2024,Germany,https://ec.europa.eu/safety-gate-alerts/screen/webReport/alertDetail/10029237
N871,2,24V163,2024-02-29,,,A12/01228/24,17/05/2024,Germany,https://ec.europa.eu/safety-gate-alerts/screen/webReport/alertDetail/10013056
N901,2,24V364,2024-05-23,2024289,2024-05-23,,,,
N908,3,24V450,2024-06-17,2024352,2024-06-17,A12/01932/24,19/07/2024,Germany,https://ec.europa.eu/safety-gate-alerts/screen/webReport/alertDetail/10013827
N927,2,24V678,2024-09-12,2024514,2024-09-12,,,,
N939,2,24E085,2024-10-10,2024599,2024-10-10,,,,
N945,3,25V454,2025-07-07,2025365,2025-07-07,SR/00298/26,06/02/2026,Germany,https://ec.europa.eu/safety-gate-alerts/screen/webReport/alertDetail/10097582
N946,2,24V947,2024-12-19,2024769,2024-12-19,,,,
N964,3,24E102,2024-12-06,2024739,2024-12-05,SR/02671/25,25/07/2025,Germany,https://ec.europa.eu/safety-gate-alerts/screen/webReport/alertDetail/10095270
N972,2,25V016,2025-01-16,2025015,2025-01-16,,,,
N978,2,25V088,2025-02-13,2025074,2025-02-13,,,,
N979,2,25V089,2025-02-13,2025075,2025-02-13,,,,
N989,3,25V155,2025-03-12,2025125,2025-03-12,SR/01458/25,18/04/2025,Germany,https://ec.europa.eu/safety-gate-alerts/screen/webReport/alertDetail/10093924
NCR22010,2,22V351,2022-05-18,2022260,2022-05-19,,,,
P037,2,13V607,2013-12-02,2013428,2013-11-29,,,,
P040,2,14V155,2014-03-31,2014107,2014-04-01,,,,
P042,2,14V163,2014-03-31,2014108,2014-04-01,,,,
P046,2,14V395,2014-07-01,2014268,2014-07-02,,,,
P050,2,14V618,2014-10-03,2014436,2014-10-03,,,,
P052,2,15V042,2015-01-28,2015028,2015-01-26,,,,
P054,2,15V039,2015-01-27,2015029,2015-01-26,,,,
P055,2,15V069,2015-02-06,2015072,2015-02-18,,,,
P056,2,15V092,2015-02-18,2015076,2015-02-19,,,,
P059,2,15V093,2015-02-18,2015077,2015-02-19,,,,
P062,2,15V214,2015-04-10,2015168,2015-04-17,,,,
P065,2,15V386,2015-06-17,2015258,2015-06-11,,,,
P068,2,15V385,2015-06-17,2015259,2015-06-11,,,,
P072,2,15V600,2015-09-25,2015424,2015-09-24,,,,
P077,2,16V274,2016-05-06,2016200,2016-05-05,,,,
P086,2,16V444,2016-06-16,2016308,2016-06-16,,,,
P091,2,16V614,2016-08-23,2016407,2016-08-19,,,,
P094,2,16V941,2016-12-29,2016652,2016-12-22,,,,
P095,2,16V942,2016-12-29,2016653,2016-12-22,,,,
PC915,2,22V666,2022-09-01,2022498,2022-09-02,,,,
PC934,2,22V875,2022-11-23,2022675,2022-11-24,,,,
PC956,2,23V131,2023-02-28,2023107,2023-03-01,,,,
PC962,2,23V187,2023-03-20,2023157,2023-03-21,,,,
PC994,2,23V814,2023-12-04,2023644,2023-12-06,,,,
PCI202301,2,23V664,2023-09-29,2023550,2023-09-29,,,,
PD102,2,24V053,2024-01-30,2024051,2024-01-30,,,,
PD105,2,24V156,2024-02-28,2024135,2024-02-28,,,,
PD109,2,24V479,2024-06-26,2024368,2024-06-27,,,,
PG1CF,2,,,2021341,2021-06-02,A12/01099/21,23/07/2021,Germany,https://ec.europa.eu/safety-gate-alerts/screen/webReport/alertDetail/10004165
PG5215,2,23V561,2023-08-08,2023224,2023-04-17,,,,
PG8ZZQ2301,2,,,2023502,2023-09-08,A12/02317/23,29/09/2023,France,https://ec.europa.eu/safety-gate-alerts/screen/webReport/alertDetail/10010377
PMA37,2,24V304,2024-04-29,2024254,2024-04-29,,,,
PMA38,2,24V498,2024-07-01,2024389,2024-07-02,,,,
PMA42,2,24V969,2024-12-23,2024782,2024-12-24,,,,
PMA58,2,25V807,2025-11-20,2025645,2025-11-20,,,,
PMA66,2,26V331,2026-05-21,2026250,2026-05-21,,,,
PP2ZZQ1904GTS,2,,,2019597,2019-11-25,A12/00167/20,07/02/2020,Italy,https://ec.europa.eu/safety-gate-alerts/screen/webReport/alertDetail/10000218
R10029,2,,,2020298,2020-06-30,A12/00990/20,10/07/2020,Belgium,https://ec.europa.eu/safety-gate-alerts/screen/webReport/alertDetail/10001608
R10044,2,,,2020390,2020-08-25,A12/01211/20,11/09/2020,Belgium,https://ec.europa.eu/safety-gate-alerts/screen/webReport/alertDetail/10001840
R10068,2,,,2021003,2021-01-07,A12/00068/21,22/01/2021,Portugal,https://ec.europa.eu/safety-gate-alerts/screen/webReport/alertDetail/10002912
R10079,2,,,2021098,2021-02-24,A12/00324/21,12/03/2021,Belgium,https://ec.europa.eu/safety-gate-alerts/screen/webReport/alertDetail/10003330
R10093,2,,,2021238,2021-04-23,A12/00653/21,14/05/2021,Portugal,https://ec.europa.eu/safety-gate-alerts/screen/webReport/alertDetail/10003678
R10100,2,,,2021345,2021-06-02,A12/00894/21,18/06/2021,Portugal,https://ec.europa.eu/safety-gate-alerts/screen/webReport/alertDetail/10003938
R10170,3,22V288,2022-04-28,2022216,2022-04-28,A12/00742/22,20/05/2022,Portugal,https://ec.europa.eu/safety-gate-alerts/screen/webReport/alertDetail/10006093
R10198,2,22V793,2022-10-20,,,A12/01606/22,18/11/2022,Portugal,https://ec.europa.eu/safety-gate-alerts/screen/webReport/alertDetail/10007112
R10202,3,22V926,2022-12-14,2022716,2022-12-15,A12/01835/22,23/12/2022,Belgium,https://ec.europa.eu/safety-gate-alerts/screen/webReport/alertDetail/10007486
R10213,2,23V001,2023-01-05,,,A12/00059/23,13/01/2023,Portugal,https://ec.europa.eu/safety-gate-alerts/screen/webReport/alertDetail/10007607
R10217,3,23V012,2023-01-19,2023010,2023-01-19,A12/00184/23,03/02/2023,Belgium,https://ec.europa.eu/safety-gate-alerts/screen/webReport/alertDetail/10007721
R10245,3,23V476,2023-07-12,2023381,2023-07-12,A12/02025/23,08/09/2023,Germany,https://ec.europa.eu/safety-gate-alerts/screen/webReport/alertDetail/10010058
R10254,3,23V780,2023-11-21,2023620,2023-11-21,A12/02954/23,01/12/2023,Belgium,https://ec.europa.eu/safety-gate-alerts/screen/webReport/alertDetail/10011121
R10256,3,24V010,2024-01-10,2024005,2024-01-10,A12/00269/24,09/02/2024,Belgium,https://ec.europa.eu/safety-gate-alerts/screen/webReport/alertDetail/10011821
R10259,3,23V827,2023-12-07,2023649,2023-12-07,A12/03124/23,22/12/2023,Portugal,https://ec.europa.eu/safety-gate-alerts/screen/webReport/alertDetail/10011368
R10289,3,24V788,2024-10-23,2024628,2024-10-23,A12/03221/24,22/11/2024,Portugal,https://ec.europa.eu/safety-gate-alerts/screen/webReport/alertDetail/10092045
R10298,3,25V071,2025-02-07,2025056,2025-02-07,SR/00799/25,07/03/2025,Belgium,https://ec.europa.eu/safety-gate-alerts/screen/webReport/alertDetail/10093391
R10312,3,25V179,2025-03-24,2025147,2025-03-20,SR/01422/25,11/04/2025,Belgium,https://ec.europa.eu/safety-gate-alerts/screen/webReport/alertDetail/10093883
R10320,2,25V282,2025-05-08,2025233,2025-05-01,,,,
R10329,3,25V392,2025-06-12,2025319,2025-06-12,SR/02503/25,11/07/2025,Portugal,https://ec.europa.eu/safety-gate-alerts/screen/webReport/alertDetail/10095032
R10333,2,25V908,2025-12-23,2025718,2025-12-23,,,,
R10340,3,25V589,2025-09-10,2025471,2025-09-11,SR/03370/25,26/09/2025,Portugal,https://ec.europa.eu/safety-gate-alerts/screen/webReport/alertDetail/10096062
R10342,3,25V654,2025-09-30,2025520,2025-09-30,SR/03572/25,17/10/2025,Portugal,https://ec.europa.eu/safety-gate-alerts/screen/webReport/alertDetail/10096263
R10355,2,26V001,,2026001,2026-01-02,,,,
R10365,3,26V136,2026-03-11,2026111,2026-03-11,SR/00945/26,03/04/2026,Belgium,https://ec.europa.eu/safety-gate-alerts/screen/webReport/alertDetail/10098346
R14018,2,14V519,2014-08-28,2014358,2014-08-19,,,,
R14019,2,14V532,2014-09-04,2014371,2014-09-04,,,,
R14XD,2,14V297,2014-06-04,2014209,2014-06-05,,,,
R14XJ,2,14V443,2014-07-22,2014308,2014-07-22,,,,
R15006,2,15V333,2015-06-01,2015215,2015-05-21,,,,
R15007,2,15V292,2015-05-18,2015212,2015-05-19,,,,
R15015,2,15V562,2015-09-04,2015392,2015-09-03,,,,
R16001,2,16V038,2016-01-26,2016031,2016-01-22,,,,
R16005,2,16V223,2016-04-19,2016164,2016-04-15,,,,
R1905,2,,,2019653,2019-12-20,A12/00022/20,17/01/2020,United Kingdom,https://ec.europa.eu/safety-gate-alerts/screen/webReport/alertDetail/10000383
R2001,2,,,2020141,2020-04-02,A12/00597/20,24/04/2020,United Kingdom,https://ec.europa.eu/safety-gate-alerts/screen/webReport/alertDetail/10001073
R2005,2,,,2020496,2020-10-20,A12/01507/20,20/11/2020,United Kingdom,https://ec.europa.eu/safety-gate-alerts/screen/webReport/alertDetail/10002420
R2007,2,,,2020616,2020-12-11,A12/01874/20,25/12/2020,United Kingdom,https://ec.europa.eu/safety-gate-alerts/screen/webReport/alertDetail/10002795
R202401009,2,24V377,2024-05-29,2024299,2024-05-29,,,,
R20B4,2,22V244,2022-04-13,2020400,2020-08-27,,,,
R20B8,2,,,2020601,2020-12-08,A12/00430/21,02/04/2021,Germany,https://ec.europa.eu/safety-gate-alerts/screen/webReport/alertDetail/10003450
R21A4,2,,,2021334,2021-05-28,A12/00499/22,01/04/2022,Germany,https://ec.europa.eu/safety-gate-alerts/screen/webReport/alertDetail/10005812
R22035,2,22V943,2022-12-20,2022732,2022-12-20,,,,
R22C5,2,23V093,2023-02-16,2023045,2023-02-08,,,,
R2320,2,23V722,2023-10-26,2023575,2023-10-26,,,,
R23A6,3,23V494,2023-07-17,2023397,2023-07-18,A12/02477/23,13/10/2023,France,https://ec.europa.eu/safety-gate-alerts/screen/webReport/alertDetail/10010476
R23B3,2,23V581,2023-08-15,2023462,2023-08-16,,,,
R23C3,2,23V628,2023-09-08,2023504,2023-09-11,,,,
R23C6,2,23V657,2023-09-28,2023534,2023-09-29,,,,
R23D7,2,24V071,2024-02-02,2024068,2024-02-05,,,,
R2402,2,24V056,2024-01-31,2024055,2024-01-31,,,,
R2405,2,,,2024571,2024-09-27,A12/03222/24,22/11/2024,Germany,https://ec.europa.eu/safety-gate-alerts/screen/webReport/alertDetail/10092037
R24A3,2,24V391,2024-06-03,2024309,2024-05-31,,,,
R24A5R24A7,2,,,2024362,2024-06-21,A12/03334/24,29/11/2024,Luxembourg,https://ec.europa.eu/safety-gate-alerts/screen/webReport/alertDetail/10092029
R24A8,2,24V560,2024-07-25,2024432,2024-07-26,,,,
R24B6,2,24V798,2024-10-24,2024640,2024-10-25,,,,
R25C3,2,25V508,2025-08-07,2025407,2025-08-07,,,,
R25C8,2,25V655,2025-09-30,2025523,2025-10-01,,,,
R25DH,2,25V004,2025-01-08,2025005,2025-01-08,,,,
R25DL,2,25V249,2025-04-21,2025209,2025-04-17,,,,
R25DM,2,25V289,2025-05-06,2025240,2025-05-05,,,,
R26A1,3,26V230,2026-04-09,2026184,2026-04-09,SR/01308/26,01/05/2026,France,https://ec.europa.eu/safety-gate-alerts/screen/webReport/alertDetail/10098703
R26A7,2,26V425,,2026324,2026-07-02,,,,
R29998,2,,,2020099,2020-03-13,A12/00571/20,17/04/2020,Belgium,https://ec.europa.eu/safety-gate-alerts/screen/webReport/alertDetail/10000907
R39574,2,15V555,2015-09-02,2015388,2015-09-02,,,,
R89571,2,15V342,2015-06-03,2015238,2015-05-29,,,,
R89702,2,16V268,2016-05-04,2016197,2016-05-04,,,,
R89708,2,16V798,2016-11-02,2016534,2016-10-28,,,,
R89712,2,16V918,2016-12-21,2016638,2016-12-16,,,,
RA010019,2,14V753,2014-11-25,2014543,2014-12-03,,,,
RA010021,2,15V846,2015-12-16,2016374,2016-07-26,,,,
RA011327,2,,,2019580,2019-11-18,A12/00008/19,20/12/2019,United Kingdom,https://ec.europa.eu/safety-gate-alerts/screen/webReport/alertDetail/10000016
RA031926,3,24V249,2024-04-03,2024218,2024-04-11,A12/01260/24,17/05/2024,Germany,https://ec.europa.eu/safety-gate-alerts/screen/webReport/alertDetail/10012994
RA031973,3,24V712,2024-09-24,2024575,2024-10-01,A12/02996/24,25/10/2024,Germany,https://ec.europa.eu/safety-gate-alerts/screen/webReport/alertDetail/10091719
RA062074,3,25V532,2025-08-20,2025427,2025-08-21,SR/03315/25,19/09/2025,Germany,https://ec.europa.eu/safety-gate-alerts/screen/webReport/alertDetail/10095831
RA132153,2,26V187,2026-03-25,2026153,2026-04-01,,,,
RA182044,2,25V300,2025-05-08,,,SR/03831/25,31/10/2025,Germany,https://ec.europa.eu/safety-gate-alerts/screen/webReport/alertDetail/10096468
RA302015,2,25V001,2025-01-02,2025026,2025-01-22,,,,
RA412086,3,26V200,2026-03-29,2026156,2026-03-31,SR/01388/26,15/05/2026,Germany,https://ec.europa.eu/safety-gate-alerts/screen/webReport/alertDetail/10098845
RA631832,3,24V255,2024-04-05,2024219,2024-04-11,A12/01320/24,24/05/2024,Germany,https://ec.europa.eu/safety-gate-alerts/screen/webReport/alertDetail/10013072
RC000088,2,14V127,2014-03-18,2014085,2014-03-18,,,,
RC000090,2,14V385,2014-07-01,2014265,2014-07-02,,,,
RC000095,2,14V695,2014-11-03,2014493,2014-11-03,,,,
RC000097,2,15V004,2015-01-08,2015006,2015-01-08,,,,
RC000099,2,15V224,2015-04-15,2015159,2015-04-15,,,,
RC000103,2,15V530,2015-08-19,2015370,2015-08-14,,,,
RC000104,2,15V531,2015-08-19,2015371,2015-08-14,,,,
RC000106,2,15V698,2015-10-23,2015494,2015-10-21,,,,
RC000111,2,15V745,2015-11-10,2015529,2015-11-06,,,,
RC000112,2,16V139,2016-03-07,2016114,2016-03-09,,,,
RC000114,2,16V329,2016-05-20,2016236,2016-05-17,,,,
RC000115,2,16V406,2016-06-07,2016286,2016-06-06,,,,
RC000116,2,16V437,2016-06-15,2016298,2016-06-13,,,,
RC000117,2,16V468,2016-06-27,2016322,2016-06-23,,,,
RC000121,2,16V571,2016-08-02,2016383,2016-07-29,,,,
RC000122,2,16V696,2016-09-27,2016473,2016-09-26,,,,
RC000123,2,16V834,2016-11-17,2017014,2017-01-10,,,,
RC000281,2,22V784,2022-10-19,2022593,2022-10-19,,,,
RC000289,2,23V068,2023-02-10,2023050,2023-02-10,,,,
RC000294,2,23V285,2023-04-21,2023087,2023-02-21,,,,
RC000297,2,23V447,2023-06-27,2023360,2023-06-27,,,,
RC000298,2,23V759,2023-11-10,2023621,2023-11-21,,,,
RC000305,2,24V427,2024-06-11,2024417,2024-07-19,,,,
RC000322,2,25V097,2025-02-17,2025093,2025-02-20,,,,
RC000325,2,25V171,2025-03-20,2025129,2025-03-24,,,,
RC000331,2,25V653,2025-09-30,2025519,2025-09-30,,,,
RC000335,2,25V709,2025-10-17,2025570,2025-10-17,,,,
RC000336,2,25V791,2025-11-17,2025634,2025-11-17,,,,
RCL14001,2,14V166,2014-04-04,2014119,2014-04-08,,,,
RCL15001,2,15V152,2015-03-16,2015119,2015-03-18,,,,
RCL15002,2,15V268,2015-05-08,2015186,2015-05-06,,,,
RCL15003,2,15V637,2015-10-09,2015459,2015-10-08,,,,
RE2303RC68,2,,,2023120,2023-03-08,A12/01064/23,12/05/2023,Germany,https://ec.europa.eu/safety-gate-alerts/screen/webReport/alertDetail/10008975
RE2306RC71,2,,,2023264,2023-05-03,A12/01341/23,09/06/2023,Germany,https://ec.europa.eu/safety-gate-alerts/screen/webReport/alertDetail/10009318
RE2546,2,,,2025649,2025-11-24,SR/00085/26,16/01/2026,Germany,https://ec.europa.eu/safety-gate-alerts/screen/webReport/alertDetail/10097214
REC2402,2,24V476,2024-06-25,2024363,2024-06-26,,,,
REC2403,2,24V717,2024-09-26,2024569,2024-09-27,,,,
REC2404,2,24V786,2024-10-21,2024625,2024-10-22,,,,
REC2405,2,24V885,2024-11-22,2024719,2024-11-26,,,,
REC2501,2,25V042,2025-01-30,2025038,2025-01-30,,,,
REC2502,2,25V286,2025-05-01,2025238,2025-05-02,,,,
REC2601,2,26V043,2026-01-23,,,SR/02121/26,31/07/2026,Germany,https://ec.europa.eu/safety-gate-alerts/screen/webReport/alertDetail/10118409
RP1056,2,25V280,2025-04-25,2025230,2025-04-25,,,,
RP1057,2,25V293,2025-05-07,2025243,2025-05-07,,,,
RP1061,3,25V409,2025-07-02,2025333,2025-06-17,SR/02509/25,11/07/2025,Portugal,https://ec.europa.eu/safety-gate-alerts/screen/webReport/alertDetail/10095031
RP1063,3,25V453,2025-07-07,2025364,2025-07-07,SR/02669/25,25/07/2025,Belgium,https://ec.europa.eu/safety-gate-alerts/screen/webReport/alertDetail/10095294
RP1064,2,25V555,2025-08-26,,,SR/03195/25,12/09/2025,Portugal,https://ec.europa.eu/safety-gate-alerts/screen/webReport/alertDetail/10095848
RP1069,2,25V615,2025-09-15,2025485,2025-09-15,,,,
RVXX1307,2,13V618,2013-11-29,2013421,2013-11-26,,,,
RVXX1402,2,14V356,2014-06-20,2014260,2014-07-02,,,,
RVXX1403,2,14V555,2014-09-11,2014387,2014-09-09,,,,
RVXX1404,2,14V557,2014-09-11,2014388,2014-09-09,,,,
RVXX1405,2,14V740,2014-11-18,2014528,2014-11-20,,,,
RVXX1406,2,14V739,2014-11-18,2014529,2014-11-20,,,,
RVXX1501,2,15V026,2015-01-22,2015116,2015-03-18,,,,
RVXX1503,2,15V523,2015-08-17,2015374,2015-08-17,,,,
RVXX1504,2,15V524,2015-08-17,2015375,2015-08-17,,,,
RVXX1505,2,15V630,2015-10-07,2015447,2015-10-05,,,,
RVXX1506,2,15V634,2015-10-08,2015453,2015-10-07,,,,
RVXX1507,2,15V643,2015-10-13,2015456,2015-10-08,,,,
RVXX1601,2,16V095,2016-02-19,2016076,2016-02-18,,,,
RVXX1604,2,16V393,2016-06-01,2016282,2016-06-03,,,,
RVXX1605,2,16V467,2016-06-27,2016321,2016-06-23,,,,
RVXX1606,2,16V735,2016-10-13,2016494,2016-10-11,,,,
RVXX1607,2,16V927,2016-12-22,2016641,2016-12-20,,,,
RVXX1608,2,16V928,2016-12-22,2016643,2016-12-20,,,,
RVXX2302,2,23V173,2023-03-16,2023141,2023-03-16,,,,
RVXX2309,2,23V511,2023-07-24,2023404,2023-07-24,,,,
RVXX2311,2,23V690,2023-10-13,2023553,2023-10-13,,,,
RVXX2312,2,23V769,2023-11-15,2023613,2023-11-15,,,,
RVXX2313,2,23V793,2023-11-22,2023629,2023-11-22,,,,
RVXX2403,2,24V397,2024-06-04,2024314,2024-06-04,,,,
RVXX2407,2,24V665,2024-09-10,2024528,2024-09-13,,,,
RVXX2408,2,24V741,2024-10-03,2024586,2024-10-04,,,,
RVXX2409,2,24V790,2024-10-23,2024633,2024-10-23,,,,
RVXX2410,2,24V791,,2024631,2024-10-23,,,,
RVXX2503,2,25V214,2025-04-08,2025175,2025-04-07,,,,
RVXX2504,2,25V257,2025-04-17,2025214,2025-04-17,,,,
RVXX2506,2,25V520,2025-08-11,2025418,2025-08-11,,,,
RVXX2507,2,25V621,2025-09-18,2025489,2025-09-18,,,,
RVXX2508,2,25V620,2025-09-18,2025491,2025-09-18,,,,
RVXX2509,2,25V757,2025-11-03,2025608,2025-11-03,,,,
RVXX2510,2,25V753,2025-11-03,2025606,2025-11-03,,,,
RVXX2511,2,25V804,2025-11-20,2025641,2025-11-20,,,,
RVXX2512,2,25V802,2025-11-20,2025643,2025-11-20,,,,
RVXX2602,2,26V186,2026-03-25,2026139,2026-03-25,,,,
RVXX2603,2,26V184,2026-03-25,2026138,2026-03-25,,,,
RVXX2604,2,26V208,2026-04-01,2026155,2026-04-01,,,,
RVXX2605,2,26V260,2026-04-23,2026203,2026-04-23,,,,
RVXX2606,2,26V350,2026-05-28,2026262,2026-05-29,,,,
RVXX2607,2,26V444,2026-07-09,2026335,2026-07-09,,,,
RVXX2608,2,26V513,,2026380,2026-08-06,,,,
SB2012005,2,,,2020553,2020-11-17,A12/00162/21,12/02/2021,Germany,https://ec.europa.eu/safety-gate-alerts/screen/webReport/alertDetail/10003071
SB2111003,2,,,2021783,2021-12-21,A12/00582/22,15/04/2022,France,https://ec.europa.eu/safety-gate-alerts/screen/webReport/alertDetail/10005827
SB2120001,2,,,2021321,2021-05-25,A12/01054/21,16/07/2021,Germany,https://ec.europa.eu/safety-gate-alerts/screen/webReport/alertDetail/10004136
SB2131003,2,,,2021649,2021-10-25,A12/01806/21,24/12/2021,Germany,https://ec.europa.eu/safety-gate-alerts/screen/webReport/alertDetail/10004983
SB2133002,2,,,2021318,2021-05-25,A12/01056/21,16/07/2021,Germany,https://ec.europa.eu/safety-gate-alerts/screen/webReport/alertDetail/10004135
SB2200009,2,22V296,2022-05-03,2022228,2022-05-03,,,,
SB2220004,2,22V798,2022-10-21,2022604,2022-10-21,,,,
SB2300001,2,23V085,2023-02-15,2023063,2023-02-14,,,,
SB2300005,3,23V679,2023-10-11,2023546,2023-10-11,A12/02953/23,01/12/2023,Germany,https://ec.europa.eu/safety-gate-alerts/screen/webReport/alertDetail/10011042
SB2300008,2,23V838,2023-12-12,2023657,2023-12-12,,,,
SB2300009,2,23V862,2023-12-19,2023680,2023-12-19,,,,
SB2313001,2,23V130,2023-02-27,2023099,2023-02-27,,,,
SB2320004,3,23V488,2023-07-14,2023393,2023-07-14,A12/02728/23,17/11/2023,Germany,https://ec.europa.eu/safety-gate-alerts/screen/webReport/alertDetail/10010819
SB2320005,3,23V743,2023-11-03,2023595,2023-11-03,A12/03132/23,22/12/2023,Germany,https://ec.europa.eu/safety-gate-alerts/screen/webReport/alertDetail/10011292
SB2331001,2,23V235,2023-03-31,2023194,2023-03-24,,,,
SB2400006,2,24V153,2024-02-27,2024130,2024-02-27,,,,
SB2400008,2,24V376,2024-05-28,2024298,2024-05-28,,,,
SB2400012,2,24V554,2024-07-24,2024427,2024-07-25,,,,
SB2412008,2,24V615,2024-08-15,2024483,2024-08-16,,,,
SB2417003,2,26V507,,2026401,2026-08-19,,,,
SB2420001,2,24V967,2024-12-23,2024784,2024-12-23,,,,
SB2500001,2,25V002,2025-01-06,2025002,2025-01-07,,,,
SB2500004,2,25V092,2025-02-14,2025034,2025-01-28,,,,
SB2500008,2,25V699,2025-10-14,2025559,2025-10-15,,,,
SB2510001,2,25V170,2025-03-18,2025142,2025-03-19,,,,
SB2517011,2,25V658,2025-10-01,2025526,2025-10-02,,,,
SB2590001,2,25V735,2025-10-27,2025591,2025-10-28,,,,
SB2600001,2,26V283,2026-05-04,2026221,2026-05-05,,,,
SB2619002,2,26V315,2026-05-18,2026239,2026-05-19,,,,
SB518,2,14V765,2014-12-02,2014542,2014-12-03,,,,
SB519,2,14V694,2014-11-03,2014495,2014-11-03,,,,
SB524,2,15V255,2015-04-29,2015182,2015-04-30,,,,
SC0374,2,13V641,2013-12-20,2013454,2013-12-19,,,,
SC0375,2,14V078,2014-02-21,2014053,2014-02-21,,,,
SC0376,2,14V088,2014-02-21,2014052,2014-02-21,,,,
SC0377,2,14V137,2014-03-24,2014090,2014-03-24,,,,
SC0378,2,14V205,2014-04-18,2014147,2014-04-22,,,,
SC0379,2,14V208,2014-04-18,2014146,2014-04-22,,,,
SC0380,2,14V207,2014-04-18,2014148,2014-04-22,,,,
SC0382,2,14V551,2014-09-10,2014389,2014-09-09,,,,
SC0383,2,14V553,2014-09-11,2014390,2014-09-09,,,,
SC0384,2,14V554,2014-09-11,2014439,2014-10-07,,,,
SC0385,2,14V737,2014-11-18,2014526,2014-11-20,,,,
SC0386,2,14V738,2014-11-20,2015017,2015-01-16,,,,
SC0387,2,15V025,2015-01-22,2015115,2015-03-18,,,,
SC0388,2,15V056,2015-02-02,2015045,2015-01-30,,,,
SC0389,2,15V057,2015-02-03,2015044,2015-01-30,,,,
SC0390,2,15V139,2015-03-11,2015100,2015-03-10,,,,
SC0391,2,15V275,2015-05-11,2015348,2015-07-31,,,,
SC0393,2,15V522,2015-08-17,2015372,2015-08-17,,,,
SC0394,2,15V528,2015-08-18,2015373,2015-08-17,,,,
SC0395,2,15V644,2015-10-13,2015457,2015-10-08,,,,
SC0396,2,15V702,2015-10-26,2015500,2015-10-23,,,,
SC0398,2,15V804,2015-11-30,2015566,2015-11-25,,,,
SC0399,2,16V099,2016-02-19,2016079,2016-02-18,,,,
SC0400,2,16V098,2016-02-19,2016078,2016-02-18,,,,
SC0404,2,16V456,2016-06-22,2016320,2016-06-23,,,,
SC0405,2,16V714,2016-10-06,2016485,2016-10-05,,,,
SC0406,2,16V929,2016-12-23,2016642,2016-12-20,,,,
SC0437,2,22V401,2022-06-07,2022295,2022-06-07,,,,
SC0440,2,23V024,2023-01-23,2023021,2023-01-24,,,,
SC0448,2,23V600,,2023474,2023-08-25,,,,
SC0449,2,23V605,2023-08-30,2023483,2023-08-30,,,,
SC0455,2,23V792,2023-11-22,2023630,2023-11-22,,,,
SC0457,2,23V899,2023-12-26,2023708,2023-12-27,,,,
SC0461,2,24V232,2024-03-27,2024194,2024-03-27,,,,
SC0469,2,24V567,2024-07-30,2024435,2024-07-31,,,,
SC0472,2,25V352,2025-05-28,2024632,2024-10-24,,,,
SC0474,2,25V030,2025-01-23,2025031,2025-01-24,,,,
SC0481,2,25V427,2025-06-23,2025346,2025-06-23,,,,
SC0485,2,25V756,2025-11-03,2025531,2025-10-06,,,,
SC0488,2,25V803,2025-11-20,2025640,2025-11-20,,,,
SC0489,2,25V801,2025-11-20,2025642,2025-11-20,,,,
SC0492,2,26V139,2026-03-11,2026108,2026-03-11,,,,
SC0493,2,26V207,2026-04-01,2026154,2026-04-01,,,,
SC0494,2,26V261,2026-04-23,2026204,2026-04-23,,,,
SC0495,2,26V351,2026-05-28,2026265,2026-05-29,,,,
SC0497,2,26V509,,2026379,2026-08-06,,,,
SC113,2,15V015,2015-01-16,1979081,1979-05-04,,,,
SC115,2,15V089,2015-02-13,1979094,1979-05-29,,,,
SC116,2,15V123,2015-03-02,1979097,1979-06-04,,,,
SC121,2,15V360,2015-06-09,1979121,1979-07-12,,,,
SC123,2,15V446,2015-07-14,1980002,1980-01-02,,,,
SC124,2,15V626,2015-10-06,1980005,1980-01-07,,,,
SC129,2,16V070,2016-02-05,1980169,1980-12-12,,,,
SC133,2,16V387,2016-06-01,1981074,1981-07-09,,,,
SC138,2,16V815,2016-11-10,1981079,1981-07-13,,,,
SC139,2,16V705,2016-10-03,1981088,1981-08-19,,,,
SC140,2,16V770,2016-10-24,1982007,1982-01-19,,,,
SC142,2,16V862,2016-11-30,1982009,1982-01-19,,,,
SC233,2,22V202,2022-03-29,1991153,1991-11-19,,,,
SC236,2,22V322,2022-05-11,1993035,1993-03-16,,,,
SC241,2,22V447,2022-06-23,1993125,1993-09-13,,,,
SC249,2,22V703,2022-09-19,1995126,1995-07-06,,,,
SC250,2,22V760,2022-10-11,1995134,1995-07-19,,,,
SC31,2,23V129,2023-02-27,2023118,2023-03-07,,,,
SLI1501,2,15V020,2015-01-20,2015019,2015-01-19,,,,
SLI1502,2,15V022,2015-01-21,2015020,2015-01-19,,,,
SLI1505,2,15V777,2015-11-20,2015558,2015-11-24,,,,
SN710,2,22V213,2022-03-31,2022178,2022-04-12,,,,
SN712,2,22V674,2022-09-08,2022532,2022-09-21,,,,
SN715,2,22V893,2022-12-02,2023036,2023-02-02,,,,
SN724,2,24V042,2024-01-25,2024047,2024-01-29,,,,
SN728,2,24V438,2024-06-13,2024383,2024-07-02,,,,
SN729,2,24V526,2024-07-11,2024406,2024-07-12,,,,
SN737,2,26V167,2026-03-19,2026355,2026-07-20,,,,
SR13009,2,13V446,2013-09-19,2013316,2013-09-20,,,,
SR14004,2,14V281,2014-05-27,2014192,2014-05-28,,,,
SR14005,2,14V365,2014-06-25,2014248,2014-06-25,,,,
SR14006,2,14V366,2014-06-25,2014247,2014-06-25,,,,
SR14007,2,14V522,2014-09-02,2014377,2014-09-05,,,,
SR14008,2,14V560,2014-09-12,2014396,2014-09-15,,,,
SR14009,2,14V562,2014-09-12,2014397,2014-09-15,,,,
SR14010,2,14V564,2014-09-12,2014398,2014-09-15,,,,
SR14011,2,14V744,2014-11-21,2014525,2014-11-20,,,,
SR1412,2,14V073,2014-02-24,2014056,2014-02-25,,,,
SR1426,2,14V206,2014-04-18,2014149,2014-04-22,,,,
SR15002,2,15V232,2015-04-20,2015165,2015-04-17,,,,
SR15003,2,15V233,2015-04-20,2015166,2015-04-17,,,,
SR15004,2,15V337,2015-06-02,2015219,2015-05-22,,,,
SR15005,2,15V338,2015-06-02,2015220,2015-05-22,,,,
SR15009,2,15V546,2015-08-31,2015386,2015-08-28,,,,
SR1501,2,14V771,2014-12-03,2014544,2014-12-03,,,,
SR15011,2,15V594,2015-09-23,2015419,2015-09-23,,,,
SR1503,2,15V119,2015-03-02,2015087,2015-02-26,,,,
SR1504,2,15V122,2015-03-02,2015088,2015-02-26,,,,
SR1527,2,15V349,2015-06-05,2015239,2015-05-29,,,,
SR1530,2,15V348,2015-06-05,2015240,2015-05-29,,,,
SR16001,2,15V815,2015-12-04,2015579,2015-12-04,,,,
SR16002,2,16V334,2016-05-23,2016254,2016-05-25,,,,
SR16003,2,16V458,2016-06-23,2016317,2016-06-21,,,,
SR16005,2,16V548,2016-07-22,2016371,2016-07-22,,,,
SR16006,2,16V563,2016-07-28,2016379,2016-07-27,,,,
SR16008,2,16V675,2016-09-19,2016456,2016-09-19,,,,
SR16009,2,16V791,2016-10-31,2016529,2016-10-27,,,,
SR16010,2,16V792,2016-10-31,2016530,2016-10-27,,,,
SR16011,2,16V867,2016-12-02,2016591,2016-11-24,,,,
SR1618,2,16V133,2016-03-04,2016108,2016-03-04,,,,
SR22002,2,22V335,2022-05-13,2022251,2022-05-13,,,,
SR22003,2,22V470,2022-07-08,2022351,2022-06-30,,,,
SR22004,2,22V563,2022-08-02,2022420,2022-08-02,,,,
SR2208,2,22V347,2022-05-18,2022273,2022-05-26,,,,
SR23001,2,23V345,2023-06-06,2023285,2023-05-12,,,,
SR23040,2,23V523,2023-07-27,2023417,2023-07-28,,,,
SR2305,2,23V126,2023-02-24,2023097,2023-02-24,,,,
SR23050,2,23V708,2023-10-19,2023578,2023-10-26,,,,
SR24010,2,24V011,2024-01-10,2024014,2024-01-17,,,,
SR24020,2,24V076,2024-02-07,2024069,2024-02-07,,,,
SR24030,2,24V497,2024-07-01,2024377,2024-07-01,,,,
SR24050,2,24V836,2024-11-05,2024673,2024-11-05,,,,
SR2411,2,24V178,2024-03-06,2024151,2024-03-06,,,,
SR25001,2,25V369,2025-06-02,2025301,2025-05-30,,,,
SR25002,2,25V507,2025-08-07,2025405,2025-08-06,,,,
SR25011,2,25E021,2025-03-25,2025152,2025-03-25,,,,
SR25030,2,25V669,2025-10-07,2025535,2025-10-07,,,,
SR25040,2,25V670,2025-10-07,2025536,2025-10-07,,,,
SR2522,2,25V461,2025-07-09,2025370,2025-07-09,,,,
SR2523,2,25V460,2025-07-09,2025368,2025-07-10,,,,
SR2585,2,25V469,2025-07-16,2025380,2025-07-16,,,,
SR26010,2,26V017,2026-01-16,2026012,2026-01-16,,,,
SR2603,2,26V095,2026-02-19,2026073,2026-02-19,,,,
SR26030,2,26V193,2026-03-26,2026143,2026-03-26,,,,
SR260400,2,26V192,2026-03-26,2026144,2026-03-26,,,,
SR26050,2,26V309,2026-05-13,2026230,2026-05-13,,,,
SRAN569,2,,,2020007,2020-01-15,A12/00149/20,07/02/2020,United Kingdom,https://ec.europa.eu/safety-gate-alerts/screen/webReport/alertDetail/10000512
SRAN570,2,,,2020011,2020-01-16,A12/00150/20,07/02/2020,United Kingdom,https://ec.europa.eu/safety-gate-alerts/screen/webReport/alertDetail/10000513
SRAN574,2,,,2020107,2020-03-19,A12/00586/20,17/04/2020,United Kingdom,https://ec.europa.eu/safety-gate-alerts/screen/webReport/alertDetail/10001036
SRAN579,2,,,2020184,2020-04-28,A12/00781/20,29/05/2020,United Kingdom,https://ec.europa.eu/safety-gate-alerts/screen/webReport/alertDetail/10001269
SRAN582,2,,,2020354,2020-08-04,A12/01163/20,21/08/2020,United Kingdom,https://ec.europa.eu/safety-gate-alerts/screen/webReport/alertDetail/10001786
SRAN584,2,,,2020374,2020-08-14,A12/01180/20,28/08/2020,United Kingdom,https://ec.europa.eu/safety-gate-alerts/screen/webReport/alertDetail/10001821
SRAN587,2,,,2020581,2020-11-30,A12/01795/20,18/12/2020,United Kingdom,https://ec.europa.eu/safety-gate-alerts/screen/webReport/alertDetail/10002696
SRAN606,2,,,2023113,2023-03-06,A12/00588/23,24/03/2023,Poland,https://ec.europa.eu/safety-gate-alerts/screen/webReport/alertDetail/10008237
SRAN609,2,,,2023461,2023-08-16,A12/02249/23,22/09/2023,Poland,https://ec.europa.eu/safety-gate-alerts/screen/webReport/alertDetail/10010207
SRAN611,2,,,2023586,2023-10-31,A12/02868/23,24/11/2023,Poland,https://ec.europa.eu/safety-gate-alerts/screen/webReport/alertDetail/10010968
SRAN617,2,,,2024092,2024-02-14,A12/00615/24,08/03/2024,Poland,https://ec.europa.eu/safety-gate-alerts/screen/webReport/alertDetail/10012112
SRAN620,2,,,2024150,2024-03-06,A12/00878/24,12/04/2024,Poland,https://ec.europa.eu/safety-gate-alerts/screen/webReport/alertDetail/10012384
SRAN628,2,,,2025063,2025-02-12,SR/00073/25,10/01/2025,Poland,https://ec.europa.eu/safety-gate-alerts/screen/webReport/alertDetail/10092695
SRAN640,2,,,2025426,2025-08-19,SR/03181/25,12/09/2025,Poland,https://ec.europa.eu/safety-gate-alerts/screen/webReport/alertDetail/10095822
SRAN641,2,,,2026058,2026-02-13,SR/00848/26,27/03/2026,Poland,https://ec.europa.eu/safety-gate-alerts/screen/webReport/alertDetail/10098284
SRVRCL16001,2,16V370,2016-05-26,2016258,2016-05-26,,,,
SRVRCL16002,2,16V339,2016-05-23,2016247,2016-05-24,,,,
SRVRCL22002,2,22V704,2022-09-20,2022541,2022-09-23,,,,
SRVRCL23001,2,23E021,2023-03-16,2023159,2023-03-21,,,,
SRVRCL23002,2,23V250,2023-04-06,2023216,2023-04-12,,,,
SRVRCL23004,2,23V620,2023-09-06,2023506,2023-09-11,,,,
SRVRCL25002,2,25V570,2025-09-03,2025455,2025-09-04,,,,
SRVRCL25004,2,25V838,2025-12-05,2025686,2025-12-11,,,,
SRVRCL26001,2,26V050,2026-01-28,2026062,2026-02-12,,,,
SVRCL025017,3,26V048,2026-01-28,2025377,2025-07-15,SR/00422/26,13/02/2026,Germany,https://ec.europa.eu/safety-gate-alerts/screen/webReport/alertDetail/10097700
SVRCL025018,3,25V587,2025-09-09,2025464,2025-09-09,SR/03733/25,24/10/2025,Germany,https://ec.europa.eu/safety-gate-alerts/screen/webReport/alertDetail/10096368
SVRCL025021,2,25V834,2025-12-02,2025667,2025-12-02,,,,
T1602,2,16V752,2016-10-18,2016522,2016-10-24,,,,
T1603,2,16V754,2016-10-18,2016521,2016-10-24,,,,
T1606,2,16V755,2016-10-19,2016520,2016-10-24,,,,
T2303,2,23V466,2023-07-03,2023370,2023-07-03,,,,
TIF104,2,16V692,2016-09-26,2016563,2016-11-14,,,,
TIF122,2,22V273,2022-04-22,2022206,2022-04-25,,,,
TIF124,2,22V511,2022-07-20,2022380,2022-07-20,,,,
TIF133,2,23V643,2023-09-20,2023522,2023-09-20,,,,
TIF135,2,24V036,2024-01-23,2024028,2024-01-23,,,,
TIF138,2,24V260,2024-04-11,2024216,2024-04-11,,,,
TIF141,2,24V566,2024-07-30,2024436,2024-07-30,,,,
TIF149,2,26V412,,2026314,2026-06-29,,,,
TK202301,2,23V578,2023-08-14,2023544,2023-10-06,,,,
TK202402,2,24V866,2024-11-18,2024699,2024-11-18,,,,
TKC16,2,16V361,2016-05-25,2016257,2016-05-25,,,,
TSB30032401,2,24V499,2024-07-02,2024382,2024-07-02,,,,
TSB55062401,2,24V466,2024-06-20,2024361,2024-06-20,,,,
V1403,2,14V596,2014-09-26,2014421,2014-09-30,,,,
V2201,2,22V362,2022-05-20,2022265,2022-05-20,,,,
V2202,2,22V434,2022-06-17,2022324,2022-06-17,,,,
V2301,2,23V017,2023-01-23,2023017,2023-01-23,,,,
V2305,2,23V564,2023-08-10,2023444,2023-08-10,,,,
V2401,2,24V157,2024-02-28,2024134,2024-02-28,,,,
V2504,2,25V630,2025-09-19,2025493,2025-09-19,,,,
V2506,2,25V719,2025-10-22,2025577,2025-10-22,,,,
V2602,2,26V210,2026-04-01,2026158,2026-04-01,,,,
VFK3104,2,16V488,2016-06-30,2016332,2016-06-28,,,,
VMV0103,2,25V128,2025-03-19,2025101,2025-02-28,,,,
VPAC291,2,24V369,2024-05-24,2024293,2024-05-24,,,,
VS3LE54ELE,2,22V491,2022-07-11,,,A12/00564/22,15/04/2022,Germany,https://ec.europa.eu/safety-gate-alerts/screen/webReport/alertDetail/10005905
WAY107,2,26V342,2026-05-27,2026254,2026-05-26,,,,
WQN50,2,14V577,2014-09-19,2014413,2014-09-22,,,,
WQQ52,2,14V830,2014-12-31,2014586,2014-12-22,,,,
WQR53,2,15V323,2015-05-28,2015234,2015-05-28,,,,
WQS54,2,15V366,2015-06-12,2015249,2015-06-04,,,,
WQT55,2,15V419,2015-07-01,2015285,2015-06-26,,,,
WQU56,2,15V502,2015-08-10,2015358,2015-08-06,,,,
WQV57,2,15V794,2015-11-24,2015555,2015-11-23,,,,
WRA23,2,23V016,2023-01-23,2023015,2023-01-20,,,,
WRA24,2,24V227,2024-03-22,2024190,2024-03-22,,,,
WRB25,2,25V033,2025-01-23,2025032,2025-01-23,,,,
WRC25,2,25V419,2025-06-19,2025344,2025-06-20,,,,
WRD23,2,23V080,2023-02-14,2023062,2023-02-14,,,,
WRD25,2,25V577,2025-09-04,2025456,2025-09-04,,,,
WRD26,2,26V106,2026-02-23,2026077,2026-02-20,,,,
WRE22,2,22V522,2022-07-21,2022394,2022-07-21,,,,
WRE25,2,25V744,2025-10-30,2025601,2025-10-31,,,,
WRG22,2,22V624,2022-08-12,2022538,2022-09-23,,,,
WRH23,2,23V258,2023-04-07,2023211,2023-04-10,,,,
WRH26,2,26V436,,2026329,2026-07-07,,,,
WRI23,2,23V292,2023-04-25,2023249,2023-04-25,,,,
WRL22,2,22V907,2022-12-08,2022703,2022-12-08,,,,
WRL23,2,23V551,2023-08-04,2023435,2023-08-04,,,,
WRM23,2,23V609,2023-08-31,2023485,2023-08-31,,,,
WRN23,2,23V647,2023-09-21,2023521,2023-09-21,,,,
WRP23,2,23V754,2023-11-09,2023606,2023-11-09,,,,
WRQ23,2,23V755,2023-11-09,2023607,2023-11-09,,,,
WTA62,2,16V162,2016-03-21,2016122,2016-03-17,,,,
WTD65,2,16V292,2016-05-11,2016207,2016-05-11,,,,
WTK71,2,16V694,2016-09-27,2016471,2016-09-26,,,,
WTL72,2,16V716,2016-10-06,2016487,2016-10-06,,,,
WTM73,2,16V738,2016-10-13,2016492,2016-10-07,,,,
Z2005,2,,,2020331,2020-07-20,A12/01107/20,31/07/2020,United Kingdom,https://ec.europa.eu/safety-gate-alerts/screen/webReport/alertDetail/10001688
Z2007,2,,,2020469,2020-10-07,A12/01551/20,20/11/2020,United Kingdom,https://ec.europa.eu/safety-gate-alerts/screen/webReport/alertDetail/10002340
Z2401,2,,,2024454,2024-08-08,SR/01064/25,21/03/2025,Germany,https://ec.europa.eu/safety-gate-alerts/screen/webReport/alertDetail/10093629
